ProcessID,SampleID,CollectionNotes,HWGrad,Plot,Method,HWGrad_Description,CONTIG,Project Code,BIN,COI-5P Seq. Length,# ambiguities
ASSBW024-18,CCDB-30294-B12,HWBF Plot 9|Malaise|Hardwood dominated stand,HWBF,Plot 9,Malaise,Hardwood dominated stand,HWBFBOLD:AAA4401,ASSBW,BOLD:AAA4401,474,0
ASSBW211-18,BL-10540Q-E03,BFBF Plot 1|Malaise|Balsam fir dominated stand,BFBF,Plot 1,Malaise,Balsam fir dominated stand,BFBFBOLD:AAA5524,ASSBW,BOLD:AAA5524,658,0
ASSBW065-18,CCDB-30294-F05,HWBF Plot 8|Malaise|Hardwood dominated stand,HWBF,Plot 8,Malaise,Hardwood dominated stand,HWBFBOLD:AAA6279,ASSBW,BOLD:AAA6279,658,0
ASSBW229-18,BL-10540Q-G05,BFMX Plot 4|Malaise|Mixed stand,BFMX,Plot 4,Malaise,Mixed stand,BFMXBOLD:AAA6279,ASSBW,BOLD:AAA6279,658,0
ASSBW016-18,CCDB-30294-B04,HWBF Plot 8|Malaise|Hardwood dominated stand,HWBF,Plot 8,Malaise,Hardwood dominated stand,HWBFBOLD:AAA6280,ASSBW,BOLD:AAA6280,658,0
ASSBW055-18,CCDB-30294-E07,BFBF Plot 1|Malaise|Balsam fir dominated stand,BFBF,Plot 1,Malaise,Balsam fir dominated stand,BFBFBOLD:AAA6280,ASSBW,BOLD:AAA6280,658,0
ASSBW178-18,CCDB-30296-G11,BFBF Plot 1|Malaise|Balsam fir dominated stand,BFBF,Plot 1,Malaise,Balsam fir dominated stand,BFBFBOLD:AAA6280,ASSBW,BOLD:AAA6280,658,0
ASSBW267-18,BL-10540Q-E10,HWBF Plot 7|Malaise|Hardwood dominated stand,HWBF,Plot 7,Malaise,Hardwood dominated stand,HWBFBOLD:AAA6280,ASSBW,BOLD:AAA6280,658,0
ASSBW371-18,CCDB-30293-H02,HWBF Plot 8|Malaise|Hardwood dominated stand,HWBF,Plot 8,Malaise,Hardwood dominated stand,HWBFBOLD:AAA6280,ASSBW,BOLD:AAA6280,658,0
ASNBA751-16,Acadia15-16-151,BFMX Plot 4|Reared|Mixed stand,BFMX,Plot 4,Reared,Mixed stand,BFMXBOLD:AAA6374,ASNBA,BOLD:AAA6374,658,0
ASSBW027-18,CCDB-30294-C03,BFBF Plot 2|Malaise|Balsam fir dominated stand,BFBF,Plot 2,Malaise,Balsam fir dominated stand,BFBFBOLD:AAA7527,ASSBW,BOLD:AAA7527,658,0
ASSBW197-18,BL-10540Q-G01,BFBF Plot 3|Malaise|Balsam fir dominated stand,BFBF,Plot 3,Malaise,Balsam fir dominated stand,BFBFBOLD:AAA7527,ASSBW,BOLD:AAA7527,658,0
ASSBW240-18,BL-10540Q-B07,BFMX Plot 5|Malaise|Mixed stand,BFMX,Plot 5,Malaise,Mixed stand,BFMXBOLD:AAA7527,ASSBW,BOLD:AAA7527,658,0
ASSBW243-18,BL-10540Q-E07,BFMX Plot 5|Malaise|Mixed stand,BFMX,Plot 5,Malaise,Mixed stand,BFMXBOLD:AAA7527,ASSBW,BOLD:AAA7527,658,0
ASSBW251-18,BL-10540Q-E08,BFMX Plot 6|Malaise|Mixed stand,BFMX,Plot 6,Malaise,Mixed stand,BFMXBOLD:AAA7527,ASSBW,BOLD:AAA7527,658,0
ASNBA646-16,Acadia15-45-8,HWBF Plot 9|Reared|Hardwood dominated stand,HWBF,Plot 9,Reared,Hardwood dominated stand,HWBFBOLD:AAA7886,ASNBA,BOLD:AAA7886,658,0
ASNBA814-16,Acadia15-23-232b,BFMX Plot 5|Reared|Mixed stand,BFMX,Plot 5,Reared,Mixed stand,BFMXBOLD:AAA7886,ASNBA,BOLD:AAA7886,658,0
ASNBA612-16,Acadia15-20-123,BFMX Plot 4|Reared|Mixed stand,BFMX,Plot 4,Reared,Mixed stand,BFMXBOLD:AAA8401,ASNBA,BOLD:AAA8401,658,0
ASNBA631-16,Acadia15-9-79b,BFBF Plot 2|Reared|Balsam fir dominated stand,BFBF,Plot 2,Reared,Balsam fir dominated stand,BFBFBOLD:AAA8401,ASNBA,BOLD:AAA8401,658,0
ASNBA644-16,Acadia15-20-7a,BFMX Plot 4|Reared|Mixed stand,BFMX,Plot 4,Reared,Mixed stand,BFMXBOLD:AAA8401,ASNBA,BOLD:AAA8401,658,0
ASNBA647-16,Acadia15-19-9a,BFMX Plot 4|Reared|Mixed stand,BFMX,Plot 4,Reared,Mixed stand,BFMXBOLD:AAA8401,ASNBA,BOLD:AAA8401,658,0
ASNBA649-16,Acadia15-19-11,BFMX Plot 4|Reared|Mixed stand,BFMX,Plot 4,Reared,Mixed stand,BFMXBOLD:AAA8401,ASNBA,BOLD:AAA8401,658,0
ASNBA660-16,Acadia15-25-25,BFMX Plot 5|Reared|Mixed stand,BFMX,Plot 5,Reared,Mixed stand,BFMXBOLD:AAA8401,ASNBA,BOLD:AAA8401,658,0
ASNBA742-16,Acadia15-44-142,HWBF Plot 9|Reared|Hardwood dominated stand,HWBF,Plot 9,Reared,Hardwood dominated stand,HWBFBOLD:AAA8401,ASNBA,BOLD:AAA8401,658,0
ASNBA745-16,Acadia15-21-145,BFMX Plot 5|Reared|Mixed stand,BFMX,Plot 5,Reared,Mixed stand,BFMXBOLD:AAA8401,ASNBA,BOLD:AAA8401,653,1
ASNBA746-16,Acadia15-21-146,BFMX Plot 5|Reared|Mixed stand,BFMX,Plot 5,Reared,Mixed stand,BFMXBOLD:AAA8401,ASNBA,BOLD:AAA8401,410,0
ASNBA753-16,Acadia15-34-153,HWBF Plot 7|Reared|Hardwood dominated stand,HWBF,Plot 7,Reared,Hardwood dominated stand,HWBFBOLD:AAA8401,ASNBA,BOLD:AAA8401,658,0
ASNBA757-16,Acadia15-19-157,BFMX Plot 4|Reared|Mixed stand,BFMX,Plot 4,Reared,Mixed stand,BFMXBOLD:AAA8401,ASNBA,BOLD:AAA8401,658,0
ASSBW083-18,CCDB-30294-G11,BFMX Plot 6|Malaise|Mixed stand,BFMX,Plot 6,Malaise,Mixed stand,BFMXBOLD:AAB1188,ASSBW,BOLD:AAB1188,658,0
ASSBW108-18,CCDB-30296-B01,HWBF Plot 7|Malaise|Hardwood dominated stand,HWBF,Plot 7,Malaise,Hardwood dominated stand,HWBFBOLD:AAB1188,ASSBW,BOLD:AAB1188,658,0
ASSBW233-18,BL-10540Q-C06,BFMX Plot 6|Malaise|Mixed stand,BFMX,Plot 6,Malaise,Mixed stand,BFMXBOLD:AAB3568,ASSBW,BOLD:AAB3568,658,0
ASNBA797-16,Acadia15-6-209a,BFBF Plot 2|Reared|Balsam fir dominated stand,BFBF,Plot 2,Reared,Balsam fir dominated stand,BFBFBOLD:AAB8437,ASNBA,BOLD:AAB8437,658,0
ASNBA798-16,Acadia15-6-209b,BFBF Plot 2|Reared|Balsam fir dominated stand,BFBF,Plot 2,Reared,Balsam fir dominated stand,BFBFBOLD:AAB8437,ASNBA,BOLD:AAB8437,382,0
ASNBA820-16,Acadia15-7-223,BFBF Plot 2|Reared|Balsam fir dominated stand,BFBF,Plot 2,Reared,Balsam fir dominated stand,BFBFBOLD:AAB8437,ASNBA,BOLD:AAB8437,407,0
ASNBA828-16,Acadia15-26-227c,BFMX Plot 6|Reared|Mixed stand,BFMX,Plot 6,Reared,Mixed stand,BFMXBOLD:AAB8437,ASNBA,BOLD:AAB8437,658,0
ASNBA832-16,Acadia15-8,BFBF Plot 2|Reared|Balsam fir dominated stand,BFBF,Plot 2,Reared,Balsam fir dominated stand,BFBFBOLD:AAB8765,ASNBA,BOLD:AAB8765,658,0
ASSBW181-18,CCDB-30296-H02,BFBF Plot 1|Malaise|Balsam fir dominated stand,BFBF,Plot 1,Malaise,Balsam fir dominated stand,BFBFBOLD:AAD0245,ASSBW,BOLD:AAD0245,658,0
ASSBW064-18,CCDB-30294-F04,HWBF Plot 8|Malaise|Hardwood dominated stand,HWBF,Plot 8,Malaise,Hardwood dominated stand,HWBFBOLD:AAD5193,ASSBW,BOLD:AAD5193,658,0
ASSBW073-18,CCDB-30294-G01,BFMX Plot 6|Malaise|Mixed stand,BFMX,Plot 6,Malaise,Mixed stand,BFMXBOLD:AAD5193,ASSBW,BOLD:AAD5193,658,0
ASSBW244-18,BL-10540Q-F07,BFMX Plot 5|Malaise|Mixed stand,BFMX,Plot 5,Malaise,Mixed stand,BFMXBOLD:AAD8806,ASSBW,BOLD:AAD8806,658,0
ASSBW323-18,CCDB-30293-D02,HWBF Plot 8|Malaise|Hardwood dominated stand,HWBF,Plot 8,Malaise,Hardwood dominated stand,HWBFBOLD:AAD8806,ASSBW,BOLD:AAD8806,658,0
ASNBA579-16,Acadia15-37-182a,HWBF Plot 8|Reared|Hardwood dominated stand,HWBF,Plot 8,Reared,Hardwood dominated stand,HWBFBOLD:AAE7919,ASNBA,BOLD:AAE7919,658,0
ASNBA581-16,Acadia15-15-183a,BFBF Plot 3|Reared|Balsam fir dominated stand,BFBF,Plot 3,Reared,Balsam fir dominated stand,BFBFBOLD:AAE7919,ASNBA,BOLD:AAE7919,642,0
ASNBA585-16,Acadia15-15-183aDUP,BFBF Plot 3|Reared|Balsam fir dominated stand,BFBF,Plot 3,Reared,Balsam fir dominated stand,BFBFBOLD:AAE7919,ASNBA,BOLD:AAE7919,644,0
ASNBA587-16,Acadia15-37-182DUP,HWBF Plot 8|Reared|Hardwood dominated stand,HWBF,Plot 8,Reared,Hardwood dominated stand,HWBFBOLD:AAE7919,ASNBA,BOLD:AAE7919,658,0
ASNBA794-16,Acadia15-13-206b,BFBF Plot 3|Reared|Balsam fir dominated stand,BFBF,Plot 3,Reared,Balsam fir dominated stand,BFBFBOLD:AAE7919,ASNBA,BOLD:AAE7919,658,0
ASNBA796-16,Acadia15-13-208,BFBF Plot 3|Reared|Balsam fir dominated stand,BFBF,Plot 3,Reared,Balsam fir dominated stand,BFBFBOLD:AAE7919,ASNBA,BOLD:AAE7919,658,0
ASNBA800-16,Acadia15-20-211,BFMX Plot 4|Reared|Mixed stand,BFMX,Plot 4,Reared,Mixed stand,BFMXBOLD:AAE7919,ASNBA,BOLD:AAE7919,658,0
ASNBA803-16,Acadia15-13-213b,BFBF Plot 3|Reared|Balsam fir dominated stand,BFBF,Plot 3,Reared,Balsam fir dominated stand,BFBFBOLD:AAE7919,ASNBA,BOLD:AAE7919,658,0
ASNBA804-16,Acadia15-13-215,BFBF Plot 3|Reared|Balsam fir dominated stand,BFBF,Plot 3,Reared,Balsam fir dominated stand,BFBFBOLD:AAE7919,ASNBA,BOLD:AAE7919,658,0
ASNBA805-16,Acadia15-14-231,BFBF Plot 3|Reared|Balsam fir dominated stand,BFBF,Plot 3,Reared,Balsam fir dominated stand,BFBFBOLD:AAE7919,ASNBA,BOLD:AAE7919,658,0
ASNBA809-16,Acadia15-23-218b,BFMX Plot 5|Reared|Mixed stand,BFMX,Plot 5,Reared,Mixed stand,BFMXBOLD:AAE7919,ASNBA,BOLD:AAE7919,658,0
ASNBA824-16,Acadia15-14-225b,BFBF Plot 3|Reared|Balsam fir dominated stand,BFBF,Plot 3,Reared,Balsam fir dominated stand,BFBFBOLD:AAE7919,ASNBA,BOLD:AAE7919,658,0
ASNBA834-16,Acadia15-43-214,HWBF Plot 9|Reared|Hardwood dominated stand,HWBF,Plot 9,Reared,Hardwood dominated stand,HWBFBOLD:AAG0379,ASNBA,BOLD:AAG0379,658,0
ASSBW109-18,CCDB-30296-B02,HWBF Plot 7|Malaise|Hardwood dominated stand,HWBF,Plot 7,Malaise,Hardwood dominated stand,HWBFBOLD:AAG0983,ASSBW,BOLD:AAG0983,658,0
ASSBW110-18,CCDB-30296-B03,HWBF Plot 7|Malaise|Hardwood dominated stand,HWBF,Plot 7,Malaise,Hardwood dominated stand,HWBFBOLD:AAG0983,ASSBW,BOLD:AAG0983,658,0
ASSBW384-18,CCDB-30297-A04,BFMX Plot 6|Malaise|Mixed stand,BFMX,Plot 6,Malaise,Mixed stand,BFMXBOLD:AAG1084,ASSBW,BOLD:AAG1084,658,0
ASSBW231-18,BL-10540Q-A06,BFBF Plot 3|Malaise|Balsam fir dominated stand,BFBF,Plot 3,Malaise,Balsam fir dominated stand,BFBFBOLD:AAG1302,ASSBW,BOLD:AAG1302,658,0
ASSBW099-18,CCDB-30296-A04,HWBF Plot 7|Malaise|Hardwood dominated stand,HWBF,Plot 7,Malaise,Hardwood dominated stand,HWBFBOLD:AAG1334,ASSBW,BOLD:AAG1334,658,0
ASSBW218-18,BL-10540Q-D04,BFMX Plot 4|Malaise|Mixed stand,BFMX,Plot 4,Malaise,Mixed stand,BFMXBOLD:AAG1334,ASSBW,BOLD:AAG1334,658,0
ASSBW113-18,CCDB-30296-B06,HWBF Plot 7|Malaise|Hardwood dominated stand,HWBF,Plot 7,Malaise,Hardwood dominated stand,HWBFBOLD:AAG1339,ASSBW,BOLD:AAG1339,658,0
ASSBW359-18,CCDB-30293-G02,BFMX Plot 4|Malaise|Mixed stand,BFMX,Plot 4,Malaise,Mixed stand,BFMXBOLD:AAG1350,ASSBW,BOLD:AAG1350,658,0
ASSBW253-18,BL-10540Q-G08,BFMX Plot 6|Malaise|Mixed stand,BFMX,Plot 6,Malaise,Mixed stand,BFMXBOLD:AAG1439,ASSBW,BOLD:AAG1439,658,0
ASSBW118-18,CCDB-30296-B11,HWBF Plot 7|Malaise|Hardwood dominated stand,HWBF,Plot 7,Malaise,Hardwood dominated stand,HWBFBOLD:AAG1448,ASSBW,BOLD:AAG1448,658,0
ASSBW186-18,CCDB-30296-H07,BFBF Plot 1|Malaise|Balsam fir dominated stand,BFBF,Plot 1,Malaise,Balsam fir dominated stand,BFBFBOLD:AAG1448,ASSBW,BOLD:AAG1448,658,0
ASSBW304-18,CCDB-30293-B07,HWBF Plot 9|Malaise|Hardwood dominated stand,HWBF,Plot 9,Malaise,Hardwood dominated stand,HWBFBOLD:AAG1448,ASSBW,BOLD:AAG1448,658,0
ASSBW159-18,CCDB-30296-F04,BFMX Plot 5|Malaise|Mixed stand,BFMX,Plot 5,Malaise,Mixed stand,BFMXBOLD:AAG2127,ASSBW,BOLD:AAG2127,658,0
ASSBW213-18,BL-10540Q-G03,BFBF Plot 1|Malaise|Balsam fir dominated stand,BFBF,Plot 1,Malaise,Balsam fir dominated stand,BFBFBOLD:AAG2128,ASSBW,BOLD:AAG2128,658,1
ASSBW239-18,BL-10540Q-A07,BFMX Plot 5|Malaise|Mixed stand,BFMX,Plot 5,Malaise,Mixed stand,BFMXBOLD:AAG2128,ASSBW,BOLD:AAG2128,658,0
ASSBW242-18,BL-10540Q-D07,BFMX Plot 5|Malaise|Mixed stand,BFMX,Plot 5,Malaise,Mixed stand,BFMXBOLD:AAG2128,ASSBW,BOLD:AAG2128,658,0
ASSBW282-18,BL-10540Q-D12,BFMX Plot 5|Malaise|Mixed stand,BFMX,Plot 5,Malaise,Mixed stand,BFMXBOLD:AAG2128,ASSBW,BOLD:AAG2128,658,0
ASSBW010-18,CCDB-30294-A10,HWBF Plot 7|Malaise|Hardwood dominated stand,HWBF,Plot 7,Malaise,Hardwood dominated stand,HWBFBOLD:AAG3627,ASSBW,BOLD:AAG3627,658,0
ASSBW011-18,CCDB-30294-A11,HWBF Plot 7|Malaise|Hardwood dominated stand,HWBF,Plot 7,Malaise,Hardwood dominated stand,HWBFBOLD:AAG3627,ASSBW,BOLD:AAG3627,658,0
ASSBW048-18,CCDB-30294-D12,HWBF Plot 7|Malaise|Hardwood dominated stand,HWBF,Plot 7,Malaise,Hardwood dominated stand,HWBFBOLD:AAG6745,ASSBW,BOLD:AAG6745,658,0
ASSBW162-18,CCDB-30296-F07,BFBF Plot 2|Malaise|Balsam fir dominated stand,BFBF,Plot 2,Malaise,Balsam fir dominated stand,BFBFBOLD:AAG7721,ASSBW,BOLD:AAG7721,643,0
ASSBW373-18,CCDB-30293-H04,HWBF Plot 7|Malaise|Hardwood dominated stand,HWBF,Plot 7,Malaise,Hardwood dominated stand,HWBFBOLD:AAG7721,ASSBW,BOLD:AAG7721,658,0
ASSBW337-18,CCDB-30293-E04,BFMX Plot 4|Malaise|Mixed stand,BFMX,Plot 4,Malaise,Mixed stand,BFMXBOLD:AAG7891,ASSBW,BOLD:AAG7891,643,0
ASSBW269-18,BL-10540Q-G10,BFBF Plot 1|Malaise|Balsam fir dominated stand,BFBF,Plot 1,Malaise,Balsam fir dominated stand,BFBFBOLD:AAG7899,ASSBW,BOLD:AAG7899,608,0
ASSBW271-18,BL-10540Q-A11,BFMX Plot 6|Malaise|Mixed stand,BFMX,Plot 6,Malaise,Mixed stand,BFMXBOLD:AAG7899,ASSBW,BOLD:AAG7899,476,0
ASSBW285-18,BL-10540Q-G12,BFMX Plot 5|Malaise|Mixed stand,BFMX,Plot 5,Malaise,Mixed stand,BFMXBOLD:AAG7899,ASSBW,BOLD:AAG7899,607,0
ASSBW334-18,CCDB-30293-E01,BFMX Plot 6|Malaise|Mixed stand,BFMX,Plot 6,Malaise,Mixed stand,BFMXBOLD:AAG7899,ASSBW,BOLD:AAG7899,482,6
ASSBW344-18,CCDB-30293-E11,BFBF Plot 2|Malaise|Balsam fir dominated stand,BFBF,Plot 2,Malaise,Balsam fir dominated stand,BFBFBOLD:AAG7899,ASSBW,BOLD:AAG7899,483,0
ASSBW345-18,CCDB-30293-E12,BFBF Plot 2|Malaise|Balsam fir dominated stand,BFBF,Plot 2,Malaise,Balsam fir dominated stand,BFBFBOLD:AAG7899,ASSBW,BOLD:AAG7899,483,0
ASSBW380-18,CCDB-30293-H11,BFBF Plot 2|Malaise|Balsam fir dominated stand,BFBF,Plot 2,Malaise,Balsam fir dominated stand,BFBFBOLD:AAG7899,ASSBW,BOLD:AAG7899,487,4
ASSBW383-18,CCDB-30297-A03,BFBF Plot 3|Malaise|Balsam fir dominated stand,BFBF,Plot 3,Malaise,Balsam fir dominated stand,BFBFBOLD:AAG7899,ASSBW,BOLD:AAG7899,475,0
ASSBW387-18,CCDB-30297-A07,BFMX Plot 6|Malaise|Mixed stand,BFMX,Plot 6,Malaise,Mixed stand,BFMXBOLD:AAG7899,ASSBW,BOLD:AAG7899,471,0
ASSBW404-18,CCDB-30297-B12,BFMX Plot 5|Malaise|Mixed stand,BFMX,Plot 5,Malaise,Mixed stand,BFMXBOLD:AAG7899,ASSBW,BOLD:AAG7899,462,0
ASSBW021-18,CCDB-30294-B09,HWBF Plot 9|Malaise|Hardwood dominated stand,HWBF,Plot 9,Malaise,Hardwood dominated stand,HWBFBOLD:AAG8211,ASSBW,BOLD:AAG8211,658,0
ASSBW107-18,CCDB-30296-A12,HWBF Plot 7|Malaise|Hardwood dominated stand,HWBF,Plot 7,Malaise,Hardwood dominated stand,HWBFBOLD:AAG8211,ASSBW,BOLD:AAG8211,658,0
ASSBW111-18,CCDB-30296-B04,HWBF Plot 7|Malaise|Hardwood dominated stand,HWBF,Plot 7,Malaise,Hardwood dominated stand,HWBFBOLD:AAG8211,ASSBW,BOLD:AAG8211,658,0
ASSBW112-18,CCDB-30296-B05,HWBF Plot 7|Malaise|Hardwood dominated stand,HWBF,Plot 7,Malaise,Hardwood dominated stand,HWBFBOLD:AAG8211,ASSBW,BOLD:AAG8211,658,0
ASSBW114-18,CCDB-30296-B07,HWBF Plot 7|Malaise|Hardwood dominated stand,HWBF,Plot 7,Malaise,Hardwood dominated stand,HWBFBOLD:AAG8211,ASSBW,BOLD:AAG8211,658,0
ASSBW131-18,CCDB-30296-C12,BFMX Plot 5|Malaise|Mixed stand,BFMX,Plot 5,Malaise,Mixed stand,BFMXBOLD:AAG8211,ASSBW,BOLD:AAG8211,658,0
ASSBW147-18,CCDB-30296-E04,HWBF Plot 9|Malaise|Hardwood dominated stand,HWBF,Plot 9,Malaise,Hardwood dominated stand,HWBFBOLD:AAG8211,ASSBW,BOLD:AAG8211,658,0
ASSBW150-18,CCDB-30296-E07,HWBF Plot 9|Malaise|Hardwood dominated stand,HWBF,Plot 9,Malaise,Hardwood dominated stand,HWBFBOLD:AAG8211,ASSBW,BOLD:AAG8211,658,0
ASSBW151-18,CCDB-30296-E08,HWBF Plot 9|Malaise|Hardwood dominated stand,HWBF,Plot 9,Malaise,Hardwood dominated stand,HWBFBOLD:AAG8211,ASSBW,BOLD:AAG8211,658,0
ASSBW245-18,BL-10540Q-G07,BFMX Plot 5|Malaise|Mixed stand,BFMX,Plot 5,Malaise,Mixed stand,BFMXBOLD:AAG8211,ASSBW,BOLD:AAG8211,658,0
ASSBW255-18,BL-10540Q-A09,BFMX Plot 6|Malaise|Mixed stand,BFMX,Plot 6,Malaise,Mixed stand,BFMXBOLD:AAG8211,ASSBW,BOLD:AAG8211,658,0
ASSBW355-18,CCDB-30293-F10,BFMX Plot 4|Malaise|Mixed stand,BFMX,Plot 4,Malaise,Mixed stand,BFMXBOLD:AAG8211,ASSBW,BOLD:AAG8211,658,0
ASSBW356-18,CCDB-30293-F11,BFMX Plot 4|Malaise|Mixed stand,BFMX,Plot 4,Malaise,Mixed stand,BFMXBOLD:AAG8211,ASSBW,BOLD:AAG8211,658,0
ASSBW357-18,CCDB-30293-F12,BFMX Plot 4|Malaise|Mixed stand,BFMX,Plot 4,Malaise,Mixed stand,BFMXBOLD:AAG8211,ASSBW,BOLD:AAG8211,658,0
ASSBW358-18,CCDB-30293-G01,BFMX Plot 4|Malaise|Mixed stand,BFMX,Plot 4,Malaise,Mixed stand,BFMXBOLD:AAG8211,ASSBW,BOLD:AAG8211,658,0
ASSBW078-18,CCDB-30294-G06,BFMX Plot 6|Malaise|Mixed stand,BFMX,Plot 6,Malaise,Mixed stand,BFMXBOLD:AAG8213,ASSBW,BOLD:AAG8213,658,0
ASSBW116-18,CCDB-30296-B09,HWBF Plot 7|Malaise|Hardwood dominated stand,HWBF,Plot 7,Malaise,Hardwood dominated stand,HWBFBOLD:AAG8213,ASSBW,BOLD:AAG8213,658,0
ASSBW133-18,CCDB-30296-D02,BFMX Plot 5|Malaise|Mixed stand,BFMX,Plot 5,Malaise,Mixed stand,BFMXBOLD:AAG8213,ASSBW,BOLD:AAG8213,658,0
ASSBW306-18,CCDB-30293-B09,HWBF Plot 9|Malaise|Hardwood dominated stand,HWBF,Plot 9,Malaise,Hardwood dominated stand,HWBFBOLD:AAG8409,ASSBW,BOLD:AAG8409,658,0
ASSBW051-18,CCDB-30294-E03,BFBF Plot 1|Malaise|Balsam fir dominated stand,BFBF,Plot 1,Malaise,Balsam fir dominated stand,BFBFBOLD:AAH0617,ASSBW,BOLD:AAH0617,658,0
ASSBW161-18,CCDB-30296-F06,BFBF Plot 2|Malaise|Balsam fir dominated stand,BFBF,Plot 2,Malaise,Balsam fir dominated stand,BFBFBOLD:AAH0617,ASSBW,BOLD:AAH0617,658,0
ASSBW330-18,CCDB-30293-D09,BFMX Plot 6|Malaise|Mixed stand,BFMX,Plot 6,Malaise,Mixed stand,BFMXBOLD:AAH1508,ASSBW,BOLD:AAH1508,658,0
ASNBA572-16,Acadia15-32-175,HWBF Plot 7|Reared|Hardwood dominated stand,HWBF,Plot 7,Reared,Hardwood dominated stand,HWBFBOLD:AAH1884,ASNBA,BOLD:AAH1884,658,0
ASNBA575-16,Acadia15-30-178,BFMX Plot 6|Reared|Mixed stand,BFMX,Plot 6,Reared,Mixed stand,BFMXBOLD:AAH1884,ASNBA,BOLD:AAH1884,658,0
ASNBA576-16,Acadia15-30-179,BFMX Plot 6|Reared|Mixed stand,BFMX,Plot 6,Reared,Mixed stand,BFMXBOLD:AAH1884,ASNBA,BOLD:AAH1884,651,0
ASNBA577-16,Acadia15-10-180,BFBF Plot 2|Reared|Balsam fir dominated stand,BFBF,Plot 2,Reared,Balsam fir dominated stand,BFBFBOLD:AAH1884,ASNBA,BOLD:AAH1884,327,0
ASNBA578-16,Acadia15-33-181,HWBF Plot 7|Reared|Hardwood dominated stand,HWBF,Plot 7,Reared,Hardwood dominated stand,HWBFBOLD:AAH1884,ASNBA,BOLD:AAH1884,658,0
ASNBA583-16,Acadia15-31-184a,HWBF Plot 7|Reared|Hardwood dominated stand,HWBF,Plot 7,Reared,Hardwood dominated stand,HWBFBOLD:AAH1884,ASNBA,BOLD:AAH1884,658,0
ASNBA584-16,Acadia15-31-184b,HWBF Plot 7|Reared|Hardwood dominated stand,HWBF,Plot 7,Reared,Hardwood dominated stand,HWBFBOLD:AAH1884,ASNBA,BOLD:AAH1884,658,0
ASNBA588-16,Acadia15-33-181DUP,HWBF Plot 7|Reared|Hardwood dominated stand,HWBF,Plot 7,Reared,Hardwood dominated stand,HWBFBOLD:AAH1884,ASNBA,BOLD:AAH1884,658,0
ASNBA590-16,Acadia15-30-179DUP,BFMX Plot 6|Reared|Mixed stand,BFMX,Plot 6,Reared,Mixed stand,BFMXBOLD:AAH1884,ASNBA,BOLD:AAH1884,658,0
ASNBA591-16,Acadia15-30-178DUP,BFMX Plot 6|Reared|Mixed stand,BFMX,Plot 6,Reared,Mixed stand,BFMXBOLD:AAH1884,ASNBA,BOLD:AAH1884,658,0
ASNBA594-16,Acadia15-32-175DUP,HWBF Plot 7|Reared|Hardwood dominated stand,HWBF,Plot 7,Reared,Hardwood dominated stand,HWBFBOLD:AAH1884,ASNBA,BOLD:AAH1884,658,0
ASNBA596-16,Acadia15-10-136a,BFBF Plot 2|Reared|Balsam fir dominated stand,BFBF,Plot 2,Reared,Balsam fir dominated stand,BFBFBOLD:AAH1884,ASNBA,BOLD:AAH1884,658,0
ASNBA597-16,Acadia15-10-136b,BFBF Plot 2|Reared|Balsam fir dominated stand,BFBF,Plot 2,Reared,Balsam fir dominated stand,BFBFBOLD:AAH1884,ASNBA,BOLD:AAH1884,407,0
ASNBA598-16,Acadia15-16-135,BFMX Plot 4|Reared|Mixed stand,BFMX,Plot 4,Reared,Mixed stand,BFMXBOLD:AAH1884,ASNBA,BOLD:AAH1884,658,0
ASNBA599-16,Acadia15-10-134,BFBF Plot 2|Reared|Balsam fir dominated stand,BFBF,Plot 2,Reared,Balsam fir dominated stand,BFBFBOLD:AAH1884,ASNBA,BOLD:AAH1884,385,0
ASNBA601-16,Acadia15-28-132a,BFMX Plot 6|Reared|Mixed stand,BFMX,Plot 6,Reared,Mixed stand,BFMXBOLD:AAH1884,ASNBA,BOLD:AAH1884,658,0
ASNBA605-16,Acadia15-14-129,BFBF Plot 3|Reared|Balsam fir dominated stand,BFBF,Plot 3,Reared,Balsam fir dominated stand,BFBFBOLD:AAH1884,ASNBA,BOLD:AAH1884,407,0
ASNBA607-16,Acadia15-10-127,BFBF Plot 2|Reared|Balsam fir dominated stand,BFBF,Plot 2,Reared,Balsam fir dominated stand,BFBFBOLD:AAH1884,ASNBA,BOLD:AAH1884,658,0
ASNBA608-16,Acadia15-18-126a,BFMX Plot 4|Reared|Mixed stand,BFMX,Plot 4,Reared,Mixed stand,BFMXBOLD:AAH1884,ASNBA,BOLD:AAH1884,658,0
ASNBA610-16,Acadia15-10-125a,BFBF Plot 2|Reared|Balsam fir dominated stand,BFBF,Plot 2,Reared,Balsam fir dominated stand,BFBFBOLD:AAH1884,ASNBA,BOLD:AAH1884,658,0
ASNBA613-16,Acadia15-26-124,BFMX Plot 6|Reared|Mixed stand,BFMX,Plot 6,Reared,Mixed stand,BFMXBOLD:AAH1884,ASNBA,BOLD:AAH1884,407,0
ASNBA615-16,Acadia15-33-121,HWBF Plot 7|Reared|Hardwood dominated stand,HWBF,Plot 7,Reared,Hardwood dominated stand,HWBFBOLD:AAH1884,ASNBA,BOLD:AAH1884,350,1
ASNBA617-16,Acadia15-38-119,HWBF Plot 8|Reared|Hardwood dominated stand,HWBF,Plot 8,Reared,Hardwood dominated stand,HWBFBOLD:AAH1884,ASNBA,BOLD:AAH1884,658,0
ASNBA621-16,Acadia15-4-73a,BFBF Plot 1|Reared|Balsam fir dominated stand,BFBF,Plot 1,Reared,Balsam fir dominated stand,BFBFBOLD:AAH1884,ASNBA,BOLD:AAH1884,658,0
ASNBA622-16,Acadia15-4-73b,BFBF Plot 1|Reared|Balsam fir dominated stand,BFBF,Plot 1,Reared,Balsam fir dominated stand,BFBFBOLD:AAH1884,ASNBA,BOLD:AAH1884,407,0
ASNBA623-16,Acadia15-5-74a,BFBF Plot 1|Reared|Balsam fir dominated stand,BFBF,Plot 1,Reared,Balsam fir dominated stand,BFBFBOLD:AAH1884,ASNBA,BOLD:AAH1884,658,0
ASNBA624-16,Acadia15-5-74b,BFBF Plot 1|Reared|Balsam fir dominated stand,BFBF,Plot 1,Reared,Balsam fir dominated stand,BFBFBOLD:AAH1884,ASNBA,BOLD:AAH1884,658,0
ASNBA625-16,Acadia15-7-75a,BFBF Plot 2|Reared|Balsam fir dominated stand,BFBF,Plot 2,Reared,Balsam fir dominated stand,BFBFBOLD:AAH1884,ASNBA,BOLD:AAH1884,658,0
ASNBA626-16,Acadia15-7-75b,BFBF Plot 2|Reared|Balsam fir dominated stand,BFBF,Plot 2,Reared,Balsam fir dominated stand,BFBFBOLD:AAH1884,ASNBA,BOLD:AAH1884,407,0
ASNBA632-16,Acadia15-8-80,BFBF Plot 2|Reared|Balsam fir dominated stand,BFBF,Plot 2,Reared,Balsam fir dominated stand,BFBFBOLD:AAH1884,ASNBA,BOLD:AAH1884,407,0
ASNBA633-16,Acadia15-12-81a,BFBF Plot 3|Reared|Balsam fir dominated stand,BFBF,Plot 3,Reared,Balsam fir dominated stand,BFBFBOLD:AAH1884,ASNBA,BOLD:AAH1884,658,0
ASNBA635-16,Acadia15-12-82,BFBF Plot 3|Reared|Balsam fir dominated stand,BFBF,Plot 3,Reared,Balsam fir dominated stand,BFBFBOLD:AAH1884,ASNBA,BOLD:AAH1884,407,1
ASNBA640-16,Acadia15-32-1,HWBF Plot 7|Reared|Hardwood dominated stand,HWBF,Plot 7,Reared,Hardwood dominated stand,HWBFBOLD:AAH1884,ASNBA,BOLD:AAH1884,368,0
ASNBA641-16,Acadia15-15-3,BFBF Plot 3|Reared|Balsam fir dominated stand,BFBF,Plot 3,Reared,Balsam fir dominated stand,BFBFBOLD:AAH1884,ASNBA,BOLD:AAH1884,407,0
ASNBA654-16,Acadia15-9-16b,BFBF Plot 2|Reared|Balsam fir dominated stand,BFBF,Plot 2,Reared,Balsam fir dominated stand,BFBFBOLD:AAH1884,ASNBA,BOLD:AAH1884,658,0
ASNBA656-16,Acadia15-9-17b,BFBF Plot 2|Reared|Balsam fir dominated stand,BFBF,Plot 2,Reared,Balsam fir dominated stand,BFBFBOLD:AAH1884,ASNBA,BOLD:AAH1884,658,0
ASNBA659-16,Acadia15-18-20,BFMX Plot 4|Reared|Mixed stand,BFMX,Plot 4,Reared,Mixed stand,BFMXBOLD:AAH1884,ASNBA,BOLD:AAH1884,407,0
ASNBA661-16,Acadia15-10-27,BFBF Plot 2|Reared|Balsam fir dominated stand,BFBF,Plot 2,Reared,Balsam fir dominated stand,BFBFBOLD:AAH1884,ASNBA,BOLD:AAH1884,368,0
ASNBA663-16,Acadia15-28-28b,BFMX Plot 6|Reared|Mixed stand,BFMX,Plot 6,Reared,Mixed stand,BFMXBOLD:AAH1884,ASNBA,BOLD:AAH1884,658,0
ASNBA664-16,Acadia15-29-29,BFMX Plot 6|Reared|Mixed stand,BFMX,Plot 6,Reared,Mixed stand,BFMXBOLD:AAH1884,ASNBA,BOLD:AAH1884,407,0
ASNBA665-16,Acadia15-6-30,BFBF Plot 2|Reared|Balsam fir dominated stand,BFBF,Plot 2,Reared,Balsam fir dominated stand,BFBFBOLD:AAH1884,ASNBA,BOLD:AAH1884,658,0
ASNBA667-16,Acadia15-30-31b,BFMX Plot 6|Reared|Mixed stand,BFMX,Plot 6,Reared,Mixed stand,BFMXBOLD:AAH1884,ASNBA,BOLD:AAH1884,658,0
ASNBA668-16,Acadia15- 26-32,BFMX Plot 6|Reared|Mixed stand,BFMX,Plot 6,Reared,Mixed stand,BFMXBOLD:AAH1884,ASNBA,BOLD:AAH1884,603,0
ASNBA673-16,Acadia15-39-38,HWBF Plot 8|Reared|Hardwood dominated stand,HWBF,Plot 8,Reared,Hardwood dominated stand,HWBFBOLD:AAH1884,ASNBA,BOLD:AAH1884,410,0
ASNBA674-16,Acadia15-9-39a,BFBF Plot 2|Reared|Balsam fir dominated stand,BFBF,Plot 2,Reared,Balsam fir dominated stand,BFBFBOLD:AAH1884,ASNBA,BOLD:AAH1884,658,1
ASNBA675-16,Acadia15-9-39b,BFBF Plot 2|Reared|Balsam fir dominated stand,BFBF,Plot 2,Reared,Balsam fir dominated stand,BFBFBOLD:AAH1884,ASNBA,BOLD:AAH1884,634,1
ASNBA676-16,Acadia15-34-40,HWBF Plot 7|Reared|Hardwood dominated stand,HWBF,Plot 7,Reared,Hardwood dominated stand,HWBFBOLD:AAH1884,ASNBA,BOLD:AAH1884,373,0
ASNBA678-16,Acadia15-5-42,BFBF Plot 1|Reared|Balsam fir dominated stand,BFBF,Plot 1,Reared,Balsam fir dominated stand,BFBFBOLD:AAH1884,ASNBA,BOLD:AAH1884,658,0
ASNBA679-16,Acadia15-16-43,BFMX Plot 4|Reared|Mixed stand,BFMX,Plot 4,Reared,Mixed stand,BFMXBOLD:AAH1884,ASNBA,BOLD:AAH1884,658,0
ASNBA680-16,Acadia15-24-44,BFMX Plot 5|Reared|Mixed stand,BFMX,Plot 5,Reared,Mixed stand,BFMXBOLD:AAH1884,ASNBA,BOLD:AAH1884,658,0
ASNBA685-16,Acadia15-16-49,BFMX Plot 4|Reared|Mixed stand,BFMX,Plot 4,Reared,Mixed stand,BFMXBOLD:AAH1884,ASNBA,BOLD:AAH1884,410,0
ASNBA689-16,Acadia15-9-53,BFBF Plot 2|Reared|Balsam fir dominated stand,BFBF,Plot 2,Reared,Balsam fir dominated stand,BFBFBOLD:AAH1884,ASNBA,BOLD:AAH1884,410,1
ASNBA690-16,Acadia15-24-24,BFMX Plot 5|Reared|Mixed stand,BFMX,Plot 5,Reared,Mixed stand,BFMXBOLD:AAH1884,ASNBA,BOLD:AAH1884,410,1
ASNBA692-16,Acadia15-25-55b,BFMX Plot 5|Reared|Mixed stand,BFMX,Plot 5,Reared,Mixed stand,BFMXBOLD:AAH1884,ASNBA,BOLD:AAH1884,658,0
ASNBA694-16,Acadia15-17-58,BFMX Plot 4|Reared|Mixed stand,BFMX,Plot 4,Reared,Mixed stand,BFMXBOLD:AAH1884,ASNBA,BOLD:AAH1884,505,1
ASNBA698-16,Acadia15-45-62,HWBF Plot 9|Reared|Hardwood dominated stand,HWBF,Plot 9,Reared,Hardwood dominated stand,HWBFBOLD:AAH1884,ASNBA,BOLD:AAH1884,614,0
ASNBA700-16,Acadia15-19-66,BFMX Plot 4|Reared|Mixed stand,BFMX,Plot 4,Reared,Mixed stand,BFMXBOLD:AAH1884,ASNBA,BOLD:AAH1884,637,0
ASNBA701-16,Acadia15-24-67,BFMX Plot 5|Reared|Mixed stand,BFMX,Plot 5,Reared,Mixed stand,BFMXBOLD:AAH1884,ASNBA,BOLD:AAH1884,658,0
ASNBA702-16,Acadia15-20-68,BFMX Plot 4|Reared|Mixed stand,BFMX,Plot 4,Reared,Mixed stand,BFMXBOLD:AAH1884,ASNBA,BOLD:AAH1884,643,0
ASNBA703-16,Acadia15-19-69,BFMX Plot 4|Reared|Mixed stand,BFMX,Plot 4,Reared,Mixed stand,BFMXBOLD:AAH1884,ASNBA,BOLD:AAH1884,658,0
ASNBA704-16,Acadia15-16-70,BFMX Plot 4|Reared|Mixed stand,BFMX,Plot 4,Reared,Mixed stand,BFMXBOLD:AAH1884,ASNBA,BOLD:AAH1884,658,0
ASNBA705-16,Acadia15-39-71,HWBF Plot 8|Reared|Hardwood dominated stand,HWBF,Plot 8,Reared,Hardwood dominated stand,HWBFBOLD:AAH1884,ASNBA,BOLD:AAH1884,658,0
ASNBA707-16,Acadia15-5-90,BFBF Plot 1|Reared|Balsam fir dominated stand,BFBF,Plot 1,Reared,Balsam fir dominated stand,BFBFBOLD:AAH1884,ASNBA,BOLD:AAH1884,385,0
ASNBA708-16,Acadia15-16-91,BFMX Plot 4|Reared|Mixed stand,BFMX,Plot 4,Reared,Mixed stand,BFMXBOLD:AAH1884,ASNBA,BOLD:AAH1884,385,0
ASNBA709-16,Acadia15-22-92,BFMX Plot 5|Reared|Mixed stand,BFMX,Plot 5,Reared,Mixed stand,BFMXBOLD:AAH1884,ASNBA,BOLD:AAH1884,389,1
ASNBA712-16,Acadia15-19-95,BFMX Plot 4|Reared|Mixed stand,BFMX,Plot 4,Reared,Mixed stand,BFMXBOLD:AAH1884,ASNBA,BOLD:AAH1884,371,0
ASNBA715-16,Acadia15-5-98,BFBF Plot 1|Reared|Balsam fir dominated stand,BFBF,Plot 1,Reared,Balsam fir dominated stand,BFBFBOLD:AAH1884,ASNBA,BOLD:AAH1884,403,1
ASNBA718-16,Acadia15-34-101,HWBF Plot 7|Reared|Hardwood dominated stand,HWBF,Plot 7,Reared,Hardwood dominated stand,HWBFBOLD:AAH1884,ASNBA,BOLD:AAH1884,410,0
ASNBA719-16,Acadia15-34-102,HWBF Plot 7|Reared|Hardwood dominated stand,HWBF,Plot 7,Reared,Hardwood dominated stand,HWBFBOLD:AAH1884,ASNBA,BOLD:AAH1884,658,0
ASNBA721-16,Acadia15-33-104,HWBF Plot 7|Reared|Hardwood dominated stand,HWBF,Plot 7,Reared,Hardwood dominated stand,HWBFBOLD:AAH1884,ASNBA,BOLD:AAH1884,658,0
ASNBA722-16,Acadia15-30-105a,BFMX Plot 6|Reared|Mixed stand,BFMX,Plot 6,Reared,Mixed stand,BFMXBOLD:AAH1884,ASNBA,BOLD:AAH1884,658,0
ASNBA723-16,Acadia15-30-105b,BFMX Plot 6|Reared|Mixed stand,BFMX,Plot 6,Reared,Mixed stand,BFMXBOLD:AAH1884,ASNBA,BOLD:AAH1884,658,0
ASNBA724-16,Acadia15-16-106,BFMX Plot 4|Reared|Mixed stand,BFMX,Plot 4,Reared,Mixed stand,BFMXBOLD:AAH1884,ASNBA,BOLD:AAH1884,658,0
ASNBA727-16,Acadia15-33-107b,HWBF Plot 7|Reared|Hardwood dominated stand,HWBF,Plot 7,Reared,Hardwood dominated stand,HWBFBOLD:AAH1884,ASNBA,BOLD:AAH1884,658,0
ASNBA728-16,Acadia15-30-108a,BFMX Plot 6|Reared|Mixed stand,BFMX,Plot 6,Reared,Mixed stand,BFMXBOLD:AAH1884,ASNBA,BOLD:AAH1884,658,0
ASNBA730-16,Acadia15-21-110,BFMX Plot 5|Reared|Mixed stand,BFMX,Plot 5,Reared,Mixed stand,BFMXBOLD:AAH1884,ASNBA,BOLD:AAH1884,658,0
ASNBA731-16,Acadia15-30-111,BFMX Plot 6|Reared|Mixed stand,BFMX,Plot 6,Reared,Mixed stand,BFMXBOLD:AAH1884,ASNBA,BOLD:AAH1884,658,0
ASNBA732-16,Acadia15-26-112,BFMX Plot 6|Reared|Mixed stand,BFMX,Plot 6,Reared,Mixed stand,BFMXBOLD:AAH1884,ASNBA,BOLD:AAH1884,658,0
ASNBA735-16,Acadia15-6-115,BFBF Plot 2|Reared|Balsam fir dominated stand,BFBF,Plot 2,Reared,Balsam fir dominated stand,BFBFBOLD:AAH1884,ASNBA,BOLD:AAH1884,410,0
ASNBA736-16,Acadia15-4-116,BFBF Plot 1|Reared|Balsam fir dominated stand,BFBF,Plot 1,Reared,Balsam fir dominated stand,BFBFBOLD:AAH1884,ASNBA,BOLD:AAH1884,658,0
ASNBA739-16,Acadia15-41-138,HWBF Plot 9|Reared|Hardwood dominated stand,HWBF,Plot 9,Reared,Hardwood dominated stand,HWBFBOLD:AAH1884,ASNBA,BOLD:AAH1884,410,0
ASNBA754-16,Acadia15-18-154,BFMX Plot 4|Reared|Mixed stand,BFMX,Plot 4,Reared,Mixed stand,BFMXBOLD:AAH1884,ASNBA,BOLD:AAH1884,410,0
ASNBA759-16,Acadia15-11-159,BFBF Plot 3|Reared|Balsam fir dominated stand,BFBF,Plot 3,Reared,Balsam fir dominated stand,BFBFBOLD:AAH1884,ASNBA,BOLD:AAH1884,632,0
ASNBA762-16,Acadia15-21-160b,BFMX Plot 5|Reared|Mixed stand,BFMX,Plot 5,Reared,Mixed stand,BFMXBOLD:AAH1884,ASNBA,BOLD:AAH1884,658,0
ASNBA763-16,Acadia15-17-162,BFMX Plot 4|Reared|Mixed stand,BFMX,Plot 4,Reared,Mixed stand,BFMXBOLD:AAH1884,ASNBA,BOLD:AAH1884,407,0
ASNBA765-16,Acadia15-28-164,BFMX Plot 6|Reared|Mixed stand,BFMX,Plot 6,Reared,Mixed stand,BFMXBOLD:AAH1884,ASNBA,BOLD:AAH1884,407,0
ASNBA767-16,Acadia15-32-166,HWBF Plot 7|Reared|Hardwood dominated stand,HWBF,Plot 7,Reared,Hardwood dominated stand,HWBFBOLD:AAH1884,ASNBA,BOLD:AAH1884,658,0
ASNBA768-16,Acadia15-30-167,BFMX Plot 6|Reared|Mixed stand,BFMX,Plot 6,Reared,Mixed stand,BFMXBOLD:AAH1884,ASNBA,BOLD:AAH1884,658,0
ASNBA769-16,Acadia15-30-168,BFMX Plot 6|Reared|Mixed stand,BFMX,Plot 6,Reared,Mixed stand,BFMXBOLD:AAH1884,ASNBA,BOLD:AAH1884,658,0
ASNBA770-16,Acadia15-24-169,BFMX Plot 5|Reared|Mixed stand,BFMX,Plot 5,Reared,Mixed stand,BFMXBOLD:AAH1884,ASNBA,BOLD:AAH1884,658,0
ASNBA771-16,Acadia15-14-170,BFBF Plot 3|Reared|Balsam fir dominated stand,BFBF,Plot 3,Reared,Balsam fir dominated stand,BFBFBOLD:AAH1884,ASNBA,BOLD:AAH1884,658,0
ASNBA773-16,Acadia15-27-172,BFMX Plot 6|Reared|Mixed stand,BFMX,Plot 6,Reared,Mixed stand,BFMXBOLD:AAH1884,ASNBA,BOLD:AAH1884,407,0
ASNBA777-16,Acadia15-33-191b,HWBF Plot 7|Reared|Hardwood dominated stand,HWBF,Plot 7,Reared,Hardwood dominated stand,HWBFBOLD:AAH1884,ASNBA,BOLD:AAH1884,658,0
ASNBA780-16,Acadia15-26-194,BFMX Plot 6|Reared|Mixed stand,BFMX,Plot 6,Reared,Mixed stand,BFMXBOLD:AAH1884,ASNBA,BOLD:AAH1884,658,0
ASNBA781-16,Acadia15-26-195,BFMX Plot 6|Reared|Mixed stand,BFMX,Plot 6,Reared,Mixed stand,BFMXBOLD:AAH1884,ASNBA,BOLD:AAH1884,658,0
ASNBA787-16,Acadia15-1-201,BFBF Plot 1|Reared|Balsam fir dominated stand,BFBF,Plot 1,Reared,Balsam fir dominated stand,BFBFBOLD:AAH1884,ASNBA,BOLD:AAH1884,658,0
ASNBA790-16,Acadia15-33-204,HWBF Plot 7|Reared|Hardwood dominated stand,HWBF,Plot 7,Reared,Hardwood dominated stand,HWBFBOLD:AAH1884,ASNBA,BOLD:AAH1884,658,0
ASNBA792-16,Acadia15-13-205b,BFBF Plot 3|Reared|Balsam fir dominated stand,BFBF,Plot 3,Reared,Balsam fir dominated stand,BFBFBOLD:AAH1884,ASNBA,BOLD:AAH1884,658,0
ASNBA799-16,Acadia15-27-210,BFMX Plot 6|Reared|Mixed stand,BFMX,Plot 6,Reared,Mixed stand,BFMXBOLD:AAH1884,ASNBA,BOLD:AAH1884,658,0
ASNBA801-16,Acadia15-11-212,BFBF Plot 3|Reared|Balsam fir dominated stand,BFBF,Plot 3,Reared,Balsam fir dominated stand,BFBFBOLD:AAH1884,ASNBA,BOLD:AAH1884,658,0
ASNBA806-16,Acadia15-18-216,BFMX Plot 4|Reared|Mixed stand,BFMX,Plot 4,Reared,Mixed stand,BFMXBOLD:AAH1884,ASNBA,BOLD:AAH1884,658,0
ASNBA807-16,Acadia15-14-217,BFBF Plot 3|Reared|Balsam fir dominated stand,BFBF,Plot 3,Reared,Balsam fir dominated stand,BFBFBOLD:AAH1884,ASNBA,BOLD:AAH1884,620,0
ASNBA818-16,Acadia15-12-221b,BFBF Plot 3|Reared|Balsam fir dominated stand,BFBF,Plot 3,Reared,Balsam fir dominated stand,BFBFBOLD:AAH1884,ASNBA,BOLD:AAH1884,658,0
ASSBW047-18,CCDB-30294-D11,HWBF Plot 7|Malaise|Hardwood dominated stand,HWBF,Plot 7,Malaise,Hardwood dominated stand,HWBFBOLD:AAH3040,ASSBW,BOLD:AAH3040,658,0
ASSBW300-18,CCDB-30293-B03,HWBF Plot 9|Malaise|Hardwood dominated stand,HWBF,Plot 9,Malaise,Hardwood dominated stand,HWBFBOLD:AAH3040,ASSBW,BOLD:AAH3040,658,0
ASSBW017-18,CCDB-30294-B05,HWBF Plot 8|Malaise|Hardwood dominated stand,HWBF,Plot 8,Malaise,Hardwood dominated stand,HWBFBOLD:AAH6443,ASSBW,BOLD:AAH6443,658,0
ASSBW115-18,CCDB-30296-B08,HWBF Plot 7|Malaise|Hardwood dominated stand,HWBF,Plot 7,Malaise,Hardwood dominated stand,HWBFBOLD:AAH6443,ASSBW,BOLD:AAH6443,658,0
ASSBW236-18,BL-10540Q-F06,HWBF Plot 7|Malaise|Hardwood dominated stand,HWBF,Plot 7,Malaise,Hardwood dominated stand,HWBFBOLD:AAH7270,ASSBW,BOLD:AAH7270,658,0
ASSBW160-18,CCDB-30296-F05,HWBF Plot 8|Malaise|Hardwood dominated stand,HWBF,Plot 8,Malaise,Hardwood dominated stand,HWBFBOLD:AAI3639,ASSBW,BOLD:AAI3639,658,1
ASSBW316-18,CCDB-30293-C07,HWBF Plot 8|Malaise|Hardwood dominated stand,HWBF,Plot 8,Malaise,Hardwood dominated stand,HWBFBOLD:AAI3639,ASSBW,BOLD:AAI3639,633,0
ASSBW029-18,CCDB-30294-C05,BFBF Plot 2|Malaise|Balsam fir dominated stand,BFBF,Plot 2,Malaise,Balsam fir dominated stand,BFBFBOLD:AAI5592,ASSBW,BOLD:AAI5592,658,0
ASSBW080-18,CCDB-30294-G08,BFMX Plot 6|Malaise|Mixed stand,BFMX,Plot 6,Malaise,Mixed stand,BFMXBOLD:AAI6271,ASSBW,BOLD:AAI6271,658,0
ASSBW281-18,BL-10540Q-C12,BFBF Plot 3|Malaise|Balsam fir dominated stand,BFBF,Plot 3,Malaise,Balsam fir dominated stand,BFBFBOLD:AAI7642,ASSBW,BOLD:AAI7642,658,0
ASSBW270-18,BL-10540Q-H10,BFMX Plot 6|Malaise|Mixed stand,BFMX,Plot 6,Malaise,Mixed stand,BFMXBOLD:AAL1411,ASSBW,BOLD:AAL1411,658,0
ASSBW287-18,CCDB-30293-A02,BFBF Plot 3|Malaise|Balsam fir dominated stand,BFBF,Plot 3,Malaise,Balsam fir dominated stand,BFBFBOLD:AAM5640,ASSBW,BOLD:AAM5640,658,0
ASSBW327-18,CCDB-30293-D06,HWBF Plot 8|Malaise|Hardwood dominated stand,HWBF,Plot 8,Malaise,Hardwood dominated stand,HWBFBOLD:AAM5640,ASSBW,BOLD:AAM5640,658,0
ASSBW018-18,CCDB-30294-B06,HWBF Plot 8|Malaise|Hardwood dominated stand,HWBF,Plot 8,Malaise,Hardwood dominated stand,HWBFBOLD:AAM7408,ASSBW,BOLD:AAM7408,658,0
ASSBW052-18,CCDB-30294-E04,BFBF Plot 1|Malaise|Balsam fir dominated stand,BFBF,Plot 1,Malaise,Balsam fir dominated stand,BFBFBOLD:AAM7408,ASSBW,BOLD:AAM7408,658,0
ASSBW059-18,CCDB-30294-E11,HWBF Plot 8|Malaise|Hardwood dominated stand,HWBF,Plot 8,Malaise,Hardwood dominated stand,HWBFBOLD:AAM7408,ASSBW,BOLD:AAM7408,658,0
ASSBW252-18,BL-10540Q-F08,BFMX Plot 6|Malaise|Mixed stand,BFMX,Plot 6,Malaise,Mixed stand,BFMXBOLD:AAM7408,ASSBW,BOLD:AAM7408,658,0
ASSBW322-18,CCDB-30293-D01,HWBF Plot 8|Malaise|Hardwood dominated stand,HWBF,Plot 8,Malaise,Hardwood dominated stand,HWBFBOLD:AAN7563,ASSBW,BOLD:AAN7563,658,0
ASSBW169-18,CCDB-30296-G02,BFBF Plot 1|Malaise|Balsam fir dominated stand,BFBF,Plot 1,Malaise,Balsam fir dominated stand,BFBFBOLD:AAN7666,ASSBW,BOLD:AAN7666,643,0
ASSBW365-18,CCDB-30293-G08,BFMX Plot 5|Malaise|Mixed stand,BFMX,Plot 5,Malaise,Mixed stand,BFMXBOLD:AAN8030,ASSBW,BOLD:AAN8030,643,0
ASSBW038-18,CCDB-30294-D02,BFBF Plot 2|Malaise|Balsam fir dominated stand,BFBF,Plot 2,Malaise,Balsam fir dominated stand,BFBFBOLD:AAN8098,ASSBW,BOLD:AAN8098,627,0
ASSBW302-18,CCDB-30293-B05,HWBF Plot 9|Malaise|Hardwood dominated stand,HWBF,Plot 9,Malaise,Hardwood dominated stand,HWBFBOLD:AAN8142,ASSBW,BOLD:AAN8142,658,0
ASSBW139-18,CCDB-30296-D08,HWBF Plot 9|Malaise|Hardwood dominated stand,HWBF,Plot 9,Malaise,Hardwood dominated stand,HWBFBOLD:AAP6689,ASSBW,BOLD:AAP6689,658,0
ASSBW141-18,CCDB-30296-D10,HWBF Plot 9|Malaise|Hardwood dominated stand,HWBF,Plot 9,Malaise,Hardwood dominated stand,HWBFBOLD:AAP6689,ASSBW,BOLD:AAP6689,658,0
ASSBW208-18,BL-10540Q-B03,BFBF Plot 1|Malaise|Balsam fir dominated stand,BFBF,Plot 1,Malaise,Balsam fir dominated stand,BFBFBOLD:AAP6689,ASSBW,BOLD:AAP6689,658,0
ASSBW299-18,CCDB-30293-B02,BFMX Plot 4|Malaise|Mixed stand,BFMX,Plot 4,Malaise,Mixed stand,BFMXBOLD:AAP6689,ASSBW,BOLD:AAP6689,658,0
ASSBW315-18,CCDB-30293-C06,HWBF Plot 8|Malaise|Hardwood dominated stand,HWBF,Plot 8,Malaise,Hardwood dominated stand,HWBFBOLD:AAP6689,ASSBW,BOLD:AAP6689,658,0
ASNBA815-16,Acadia15-23-233a,BFMX Plot 5|Reared|Mixed stand,BFMX,Plot 5,Reared,Mixed stand,BFMXBOLD:AAQ2784,ASNBA,BOLD:AAQ2784,658,0
ASNBA816-16,Acadia15-23-233b,BFMX Plot 5|Reared|Mixed stand,BFMX,Plot 5,Reared,Mixed stand,BFMXBOLD:AAQ2784,ASNBA,BOLD:AAQ2784,658,0
ASNBA829-16,Acadia15-26-234a,BFMX Plot 6|Reared|Mixed stand,BFMX,Plot 6,Reared,Mixed stand,BFMXBOLD:AAQ2784,ASNBA,BOLD:AAQ2784,658,0
ASNBA830-16,Acadia15-26-234b,BFMX Plot 6|Reared|Mixed stand,BFMX,Plot 6,Reared,Mixed stand,BFMXBOLD:AAQ2784,ASNBA,BOLD:AAQ2784,658,0
ASSBW206-18,BL-10540Q-H02,BFBF Plot 1|Malaise|Balsam fir dominated stand,BFBF,Plot 1,Malaise,Balsam fir dominated stand,BFBFBOLD:AAU4881,ASSBW,BOLD:AAU4881,643,0
ASSBW067-18,CCDB-30294-F07,BFMX Plot 6|Malaise|Mixed stand,BFMX,Plot 6,Malaise,Mixed stand,BFMXBOLD:AAU8231,ASSBW,BOLD:AAU8231,658,0
ASSBW134-18,CCDB-30296-D03,HWBF Plot 9|Malaise|Hardwood dominated stand,HWBF,Plot 9,Malaise,Hardwood dominated stand,HWBFBOLD:AAU8452,ASSBW,BOLD:AAU8452,658,0
ASSBW283-18,BL-10540Q-E12,BFMX Plot 5|Malaise|Mixed stand,BFMX,Plot 5,Malaise,Mixed stand,BFMXBOLD:AAU8803,ASSBW,BOLD:AAU8803,480,0
ASSBW077-18,CCDB-30294-G05,BFMX Plot 6|Malaise|Mixed stand,BFMX,Plot 6,Malaise,Mixed stand,BFMXBOLD:AAU8819,ASSBW,BOLD:AAU8819,658,0
ASSBW020-18,CCDB-30294-B08,HWBF Plot 9|Malaise|Hardwood dominated stand,HWBF,Plot 9,Malaise,Hardwood dominated stand,HWBFBOLD:AAU8999,ASSBW,BOLD:AAU8999,661,0
ASSBW061-18,CCDB-30294-F01,HWBF Plot 8|Malaise|Hardwood dominated stand,HWBF,Plot 8,Malaise,Hardwood dominated stand,HWBFBOLD:AAU8999,ASSBW,BOLD:AAU8999,645,0
ASSBW094-18,CCDB-30294-H10,BFMX Plot 4|Malaise|Mixed stand,BFMX,Plot 4,Malaise,Mixed stand,BFMXBOLD:AAU8999,ASSBW,BOLD:AAU8999,661,0
ASSBW250-18,BL-10540Q-D08,BFMX Plot 5|Malaise|Mixed stand,BFMX,Plot 5,Malaise,Mixed stand,BFMXBOLD:AAU8999,ASSBW,BOLD:AAU8999,661,0
ASSBW339-18,CCDB-30293-E06,BFMX Plot 4|Malaise|Mixed stand,BFMX,Plot 4,Malaise,Mixed stand,BFMXBOLD:AAU8999,ASSBW,BOLD:AAU8999,607,0
ASSBW367-18,CCDB-30293-G10,HWBF Plot 8|Malaise|Hardwood dominated stand,HWBF,Plot 8,Malaise,Hardwood dominated stand,HWBFBOLD:AAU8999,ASSBW,BOLD:AAU8999,661,0
ASSBW124-18,CCDB-30296-C05,BFMX Plot 5|Malaise|Mixed stand,BFMX,Plot 5,Malaise,Mixed stand,BFMXBOLD:AAU9101,ASSBW,BOLD:AAU9101,658,0
ASSBW126-18,CCDB-30296-C07,BFMX Plot 5|Malaise|Mixed stand,BFMX,Plot 5,Malaise,Mixed stand,BFMXBOLD:AAU9101,ASSBW,BOLD:AAU9101,658,0
ASSBW284-18,BL-10540Q-F12,BFMX Plot 5|Malaise|Mixed stand,BFMX,Plot 5,Malaise,Mixed stand,BFMXBOLD:AAU9101,ASSBW,BOLD:AAU9101,658,0
ASSBW363-18,CCDB-30293-G06,BFMX Plot 5|Malaise|Mixed stand,BFMX,Plot 5,Malaise,Mixed stand,BFMXBOLD:AAU9101,ASSBW,BOLD:AAU9101,658,0
ASSBW403-18,CCDB-30297-B11,BFMX Plot 5|Malaise|Mixed stand,BFMX,Plot 5,Malaise,Mixed stand,BFMXBOLD:AAU9101,ASSBW,BOLD:AAU9101,658,0
ASSBW214-18,BL-10540Q-H03,BFMX Plot 4|Malaise|Mixed stand,BFMX,Plot 4,Malaise,Mixed stand,BFMXBOLD:AAU9119,ASSBW,BOLD:AAU9119,658,0
ASSBW215-18,BL-10540Q-A04,BFMX Plot 4|Malaise|Mixed stand,BFMX,Plot 4,Malaise,Mixed stand,BFMXBOLD:AAU9119,ASSBW,BOLD:AAU9119,647,0
ASSBW216-18,BL-10540Q-B04,BFMX Plot 4|Malaise|Mixed stand,BFMX,Plot 4,Malaise,Mixed stand,BFMXBOLD:AAU9119,ASSBW,BOLD:AAU9119,658,0
ASSBW217-18,BL-10540Q-C04,BFMX Plot 4|Malaise|Mixed stand,BFMX,Plot 4,Malaise,Mixed stand,BFMXBOLD:AAU9119,ASSBW,BOLD:AAU9119,658,0
ASSBW220-18,BL-10540Q-F04,BFMX Plot 4|Malaise|Mixed stand,BFMX,Plot 4,Malaise,Mixed stand,BFMXBOLD:AAU9119,ASSBW,BOLD:AAU9119,658,0
ASSBW221-18,BL-10540Q-G04,BFMX Plot 4|Malaise|Mixed stand,BFMX,Plot 4,Malaise,Mixed stand,BFMXBOLD:AAU9119,ASSBW,BOLD:AAU9119,658,0
ASSBW222-18,BL-10540Q-H04,BFMX Plot 4|Malaise|Mixed stand,BFMX,Plot 4,Malaise,Mixed stand,BFMXBOLD:AAU9119,ASSBW,BOLD:AAU9119,658,0
ASSBW223-18,BL-10540Q-A05,BFMX Plot 4|Malaise|Mixed stand,BFMX,Plot 4,Malaise,Mixed stand,BFMXBOLD:AAU9119,ASSBW,BOLD:AAU9119,658,0
ASSBW224-18,BL-10540Q-B05,BFMX Plot 4|Malaise|Mixed stand,BFMX,Plot 4,Malaise,Mixed stand,BFMXBOLD:AAU9119,ASSBW,BOLD:AAU9119,658,0
ASSBW225-18,BL-10540Q-C05,BFMX Plot 4|Malaise|Mixed stand,BFMX,Plot 4,Malaise,Mixed stand,BFMXBOLD:AAU9119,ASSBW,BOLD:AAU9119,658,0
ASSBW227-18,BL-10540Q-E05,BFMX Plot 4|Malaise|Mixed stand,BFMX,Plot 4,Malaise,Mixed stand,BFMXBOLD:AAU9119,ASSBW,BOLD:AAU9119,658,0
ASSBW317-18,CCDB-30293-C08,HWBF Plot 8|Malaise|Hardwood dominated stand,HWBF,Plot 8,Malaise,Hardwood dominated stand,HWBFBOLD:AAU9119,ASSBW,BOLD:AAU9119,658,1
ASSBW318-18,CCDB-30293-C09,HWBF Plot 8|Malaise|Hardwood dominated stand,HWBF,Plot 8,Malaise,Hardwood dominated stand,HWBFBOLD:AAU9119,ASSBW,BOLD:AAU9119,658,2
ASSBW319-18,CCDB-30293-C10,HWBF Plot 8|Malaise|Hardwood dominated stand,HWBF,Plot 8,Malaise,Hardwood dominated stand,HWBFBOLD:AAU9119,ASSBW,BOLD:AAU9119,658,2
ASSBW232-18,BL-10540Q-B06,BFMX Plot 5|Malaise|Mixed stand,BFMX,Plot 5,Malaise,Mixed stand,BFMXBOLD:AAU9134,ASSBW,BOLD:AAU9134,593,0
ASSBW121-18,CCDB-30296-C02,HWBF Plot 7|Malaise|Hardwood dominated stand,HWBF,Plot 7,Malaise,Hardwood dominated stand,HWBFBOLD:AAU9243,ASSBW,BOLD:AAU9243,634,0
ASSBW234-18,BL-10540Q-D06,BFMX Plot 6|Malaise|Mixed stand,BFMX,Plot 6,Malaise,Mixed stand,BFMXBOLD:AAU9508,ASSBW,BOLD:AAU9508,658,0
ASSBW331-18,CCDB-30293-D10,BFMX Plot 6|Malaise|Mixed stand,BFMX,Plot 6,Malaise,Mixed stand,BFMXBOLD:AAU9863,ASSBW,BOLD:AAU9863,472,4
ASNBA831-16,Acadia15-11,BFBF Plot 3|Reared|Balsam fir dominated stand,BFBF,Plot 3,Reared,Balsam fir dominated stand,BFBFBOLD:AAX3393,ASNBA,BOLD:AAX3393,658,0
ASSBW328-18,CCDB-30293-D07,HWBF Plot 8|Malaise|Hardwood dominated stand,HWBF,Plot 8,Malaise,Hardwood dominated stand,HWBFBOLD:ABA5931,ASSBW,BOLD:ABA5931,628,0
ASSBW100-18,CCDB-30296-A05,HWBF Plot 7|Malaise|Hardwood dominated stand,HWBF,Plot 7,Malaise,Hardwood dominated stand,HWBFBOLD:ABA6117,ASSBW,BOLD:ABA6117,643,0
ASSBW101-18,CCDB-30296-A06,HWBF Plot 7|Malaise|Hardwood dominated stand,HWBF,Plot 7,Malaise,Hardwood dominated stand,HWBFBOLD:ABA6117,ASSBW,BOLD:ABA6117,643,0
ASSBW278-18,BL-10540Q-H11,BFBF Plot 1|Malaise|Balsam fir dominated stand,BFBF,Plot 1,Malaise,Balsam fir dominated stand,BFBFBOLD:ABA6117,ASSBW,BOLD:ABA6117,643,0
ASSBW279-18,BL-10540Q-A12,BFBF Plot 1|Malaise|Balsam fir dominated stand,BFBF,Plot 1,Malaise,Balsam fir dominated stand,BFBFBOLD:ABA6117,ASSBW,BOLD:ABA6117,643,0
ASSBW368-18,CCDB-30293-G11,HWBF Plot 8|Malaise|Hardwood dominated stand,HWBF,Plot 8,Malaise,Hardwood dominated stand,HWBFBOLD:ABA6117,ASSBW,BOLD:ABA6117,643,0
ASSBW369-18,CCDB-30293-G12,HWBF Plot 8|Malaise|Hardwood dominated stand,HWBF,Plot 8,Malaise,Hardwood dominated stand,HWBFBOLD:ABA6117,ASSBW,BOLD:ABA6117,643,0
ASSBW014-18,CCDB-30294-B02,HWBF Plot 8|Malaise|Hardwood dominated stand,HWBF,Plot 8,Malaise,Hardwood dominated stand,HWBFBOLD:ABX2607,ASSBW,BOLD:ABX2607,614,0
ASSBW068-18,CCDB-30294-F08,BFMX Plot 6|Malaise|Mixed stand,BFMX,Plot 6,Malaise,Mixed stand,BFMXBOLD:ABX4939,ASSBW,BOLD:ABX4939,658,0
ASSBW022-18,CCDB-30294-B10,HWBF Plot 9|Malaise|Hardwood dominated stand,HWBF,Plot 9,Malaise,Hardwood dominated stand,HWBFBOLD:ABX8474,ASSBW,BOLD:ABX8474,658,0
ASSBW307-18,CCDB-30293-B10,HWBF Plot 9|Malaise|Hardwood dominated stand,HWBF,Plot 9,Malaise,Hardwood dominated stand,HWBFBOLD:ABX8474,ASSBW,BOLD:ABX8474,658,0
ASSBW390-18,CCDB-30297-A10,HWBF Plot 9|Malaise|Hardwood dominated stand,HWBF,Plot 9,Malaise,Hardwood dominated stand,HWBFBOLD:ABX8474,ASSBW,BOLD:ABX8474,658,0
ASSBW266-18,BL-10540Q-D10,HWBF Plot 7|Malaise|Hardwood dominated stand,HWBF,Plot 7,Malaise,Hardwood dominated stand,HWBFBOLD:ABX8632,ASSBW,BOLD:ABX8632,658,0
ASSBW257-18,BL-10540Q-C09,BFMX Plot 6|Malaise|Mixed stand,BFMX,Plot 6,Malaise,Mixed stand,BFMXBOLD:ABY1199,ASSBW,BOLD:ABY1199,658,0
ASSBW032-18,CCDB-30294-C08,BFBF Plot 2|Malaise|Balsam fir dominated stand,BFBF,Plot 2,Malaise,Balsam fir dominated stand,BFBFBOLD:ABZ3481,ASSBW,BOLD:ABZ3481,658,0
ASSBW256-18,BL-10540Q-B09,BFMX Plot 6|Malaise|Mixed stand,BFMX,Plot 6,Malaise,Mixed stand,BFMXBOLD:ABZ3751,ASSBW,BOLD:ABZ3751,658,0
ASSBW290-18,CCDB-30293-A05,BFBF Plot 3|Malaise|Balsam fir dominated stand,BFBF,Plot 3,Malaise,Balsam fir dominated stand,BFBFBOLD:ABZ4210,ASSBW,BOLD:ABZ4210,658,0
ASSBW120-18,CCDB-30296-C01,HWBF Plot 7|Malaise|Hardwood dominated stand,HWBF,Plot 7,Malaise,Hardwood dominated stand,HWBFBOLD:ABZ5748,ASSBW,BOLD:ABZ5748,637,0
ASSBW057-18,CCDB-30294-E09,BFBF Plot 1|Malaise|Balsam fir dominated stand,BFBF,Plot 1,Malaise,Balsam fir dominated stand,BFBFBOLD:ACB2610,ASSBW,BOLD:ACB2610,643,0
ASSBW158-18,CCDB-30296-F03,BFBF Plot 1|Malaise|Balsam fir dominated stand,BFBF,Plot 1,Malaise,Balsam fir dominated stand,BFBFBOLD:ACB2610,ASSBW,BOLD:ACB2610,643,0
ASSBW060-18,CCDB-30294-E12,HWBF Plot 8|Malaise|Hardwood dominated stand,HWBF,Plot 8,Malaise,Hardwood dominated stand,HWBFBOLD:ACC4490,ASSBW,BOLD:ACC4490,606,0
ASSBW053-18,CCDB-30294-E05,BFBF Plot 1|Malaise|Balsam fir dominated stand,BFBF,Plot 1,Malaise,Balsam fir dominated stand,BFBFBOLD:ACC6470,ASSBW,BOLD:ACC6470,658,1
ASSBW106-18,CCDB-30296-A11,HWBF Plot 7|Malaise|Hardwood dominated stand,HWBF,Plot 7,Malaise,Hardwood dominated stand,HWBFBOLD:ACC6470,ASSBW,BOLD:ACC6470,636,0
ASSBW148-18,CCDB-30296-E05,HWBF Plot 9|Malaise|Hardwood dominated stand,HWBF,Plot 9,Malaise,Hardwood dominated stand,HWBFBOLD:ACC6470,ASSBW,BOLD:ACC6470,658,0
ASSBW149-18,CCDB-30296-E06,HWBF Plot 9|Malaise|Hardwood dominated stand,HWBF,Plot 9,Malaise,Hardwood dominated stand,HWBFBOLD:ACC6470,ASSBW,BOLD:ACC6470,634,0
ASSBW066-18,CCDB-30294-F06,HWBF Plot 8|Malaise|Hardwood dominated stand,HWBF,Plot 8,Malaise,Hardwood dominated stand,HWBFBOLD:ACC7132,ASSBW,BOLD:ACC7132,658,0
ASSBW280-18,BL-10540Q-B12,BFBF Plot 1|Malaise|Balsam fir dominated stand,BFBF,Plot 1,Malaise,Balsam fir dominated stand,BFBFBOLD:ACD0622,ASSBW,BOLD:ACD0622,649,0
ASSBW362-18,CCDB-30293-G05,BFMX Plot 4|Malaise|Mixed stand,BFMX,Plot 4,Malaise,Mixed stand,BFMXBOLD:ACD1949,ASSBW,BOLD:ACD1949,658,0
ASSBW204-18,BL-10540Q-F02,BFBF Plot 1|Malaise|Balsam fir dominated stand,BFBF,Plot 1,Malaise,Balsam fir dominated stand,BFBFBOLD:ACD3183,ASSBW,BOLD:ACD3183,643,0
ASSBW205-18,BL-10540Q-G02,BFBF Plot 1|Malaise|Balsam fir dominated stand,BFBF,Plot 1,Malaise,Balsam fir dominated stand,BFBFBOLD:ACD3183,ASSBW,BOLD:ACD3183,643,0
ASSBW382-18,CCDB-30297-A02,BFBF Plot 2|Malaise|Balsam fir dominated stand,BFBF,Plot 2,Malaise,Balsam fir dominated stand,BFBFBOLD:ACD3382,ASSBW,BOLD:ACD3382,605,0
ASSBW028-18,CCDB-30294-C04,BFBF Plot 2|Malaise|Balsam fir dominated stand,BFBF,Plot 2,Malaise,Balsam fir dominated stand,BFBFBOLD:ACE8257,ASSBW,BOLD:ACE8257,658,0
ASSBW246-18,BL-10540Q-H07,BFMX Plot 5|Malaise|Mixed stand,BFMX,Plot 5,Malaise,Mixed stand,BFMXBOLD:ACE8257,ASSBW,BOLD:ACE8257,658,0
ASSBW040-18,CCDB-30294-D04,BFBF Plot 3|Malaise|Balsam fir dominated stand,BFBF,Plot 3,Malaise,Balsam fir dominated stand,BFBFBOLD:ACF4028,ASSBW,BOLD:ACF4028,658,0
ASSBW117-18,CCDB-30296-B10,HWBF Plot 7|Malaise|Hardwood dominated stand,HWBF,Plot 7,Malaise,Hardwood dominated stand,HWBFBOLD:ACF4028,ASSBW,BOLD:ACF4028,658,0
ASSBW212-18,BL-10540Q-F03,BFBF Plot 1|Malaise|Balsam fir dominated stand,BFBF,Plot 1,Malaise,Balsam fir dominated stand,BFBFBOLD:ACF4028,ASSBW,BOLD:ACF4028,658,0
ASSBW058-18,CCDB-30294-E10,HWBF Plot 8|Malaise|Hardwood dominated stand,HWBF,Plot 8,Malaise,Hardwood dominated stand,HWBFBOLD:ACF5628,ASSBW,BOLD:ACF5628,658,0
ASSBW314-18,CCDB-30293-C05,HWBF Plot 8|Malaise|Hardwood dominated stand,HWBF,Plot 8,Malaise,Hardwood dominated stand,HWBFBOLD:ACF5628,ASSBW,BOLD:ACF5628,658,0
ASSBW291-18,CCDB-30293-A06,BFBF Plot 3|Malaise|Balsam fir dominated stand,BFBF,Plot 3,Malaise,Balsam fir dominated stand,BFBFBOLD:ACF9585,ASSBW,BOLD:ACF9585,658,0
ASSBW374-18,CCDB-30293-H05,HWBF Plot 7|Malaise|Hardwood dominated stand,HWBF,Plot 7,Malaise,Hardwood dominated stand,HWBFBOLD:ACG5893,ASSBW,BOLD:ACG5893,658,0
ASSBW254-18,BL-10540Q-H08,BFMX Plot 6|Malaise|Mixed stand,BFMX,Plot 6,Malaise,Mixed stand,BFMXBOLD:ACG8430,ASSBW,BOLD:ACG8430,658,0
ASSBW013-18,CCDB-30294-B01,HWBF Plot 7|Malaise|Hardwood dominated stand,HWBF,Plot 7,Malaise,Hardwood dominated stand,HWBFBOLD:ACH0295,ASSBW,BOLD:ACH0295,658,0
ASSBW044-18,CCDB-30294-D08,BFBF Plot 3|Malaise|Balsam fir dominated stand,BFBF,Plot 3,Malaise,Balsam fir dominated stand,BFBFBOLD:ACI8282,ASSBW,BOLD:ACI8282,619,0
ASSBW002-18,CCDB-30294-A02,BFMX Plot 5|Malaise|Mixed stand,BFMX,Plot 5,Malaise,Mixed stand,BFMXBOLD:ACI8500,ASSBW,BOLD:ACI8500,658,0
ASSBW003-18,CCDB-30294-A03,BFMX Plot 5|Malaise|Mixed stand,BFMX,Plot 5,Malaise,Mixed stand,BFMXBOLD:ACI8500,ASSBW,BOLD:ACI8500,658,0
ASSBW005-18,CCDB-30294-A05,BFMX Plot 5|Malaise|Mixed stand,BFMX,Plot 5,Malaise,Mixed stand,BFMXBOLD:ACI8500,ASSBW,BOLD:ACI8500,658,0
ASSBW006-18,CCDB-30294-A06,BFMX Plot 5|Malaise|Mixed stand,BFMX,Plot 5,Malaise,Mixed stand,BFMXBOLD:ACI8500,ASSBW,BOLD:ACI8500,658,0
ASSBW076-18,CCDB-30294-G04,BFMX Plot 6|Malaise|Mixed stand,BFMX,Plot 6,Malaise,Mixed stand,BFMXBOLD:ACI8500,ASSBW,BOLD:ACI8500,658,0
ASSBW082-18,CCDB-30294-G10,BFMX Plot 6|Malaise|Mixed stand,BFMX,Plot 6,Malaise,Mixed stand,BFMXBOLD:ACI8500,ASSBW,BOLD:ACI8500,658,0
ASSBW187-18,CCDB-30296-H08,BFBF Plot 1|Malaise|Balsam fir dominated stand,BFBF,Plot 1,Malaise,Balsam fir dominated stand,BFBFBOLD:ACI8500,ASSBW,BOLD:ACI8500,658,0
ASSBW288-18,CCDB-30293-A03,BFBF Plot 3|Malaise|Balsam fir dominated stand,BFBF,Plot 3,Malaise,Balsam fir dominated stand,BFBFBOLD:ACI8500,ASSBW,BOLD:ACI8500,658,0
ASSBW289-18,CCDB-30293-A04,BFBF Plot 3|Malaise|Balsam fir dominated stand,BFBF,Plot 3,Malaise,Balsam fir dominated stand,BFBFBOLD:ACI8500,ASSBW,BOLD:ACI8500,658,0
ASSBW294-18,CCDB-30293-A09,BFMX Plot 4|Malaise|Mixed stand,BFMX,Plot 4,Malaise,Mixed stand,BFMXBOLD:ACI8500,ASSBW,BOLD:ACI8500,658,0
ASSBW309-18,CCDB-30293-B12,HWBF Plot 9|Malaise|Hardwood dominated stand,HWBF,Plot 9,Malaise,Hardwood dominated stand,HWBFBOLD:ACI8500,ASSBW,BOLD:ACI8500,658,0
ASSBW095-18,CCDB-30294-H11,BFMX Plot 4|Malaise|Mixed stand,BFMX,Plot 4,Malaise,Mixed stand,BFMXBOLD:ACL1890,ASSBW,BOLD:ACL1890,658,0
ASSBW347-18,CCDB-30293-F02,BFMX Plot 4|Malaise|Mixed stand,BFMX,Plot 4,Malaise,Mixed stand,BFMXBOLD:ACL1890,ASSBW,BOLD:ACL1890,658,0
ASSBW406-18,CCDB-30297-C02,BFMX Plot 5|Malaise|Mixed stand,BFMX,Plot 5,Malaise,Mixed stand,BFMXBOLD:ACL3968,ASSBW,BOLD:ACL3968,649,0
ASSBW081-18,CCDB-30294-G09,BFMX Plot 6|Malaise|Mixed stand,BFMX,Plot 6,Malaise,Mixed stand,BFMXBOLD:ACL4990,ASSBW,BOLD:ACL4990,532,0
ASSBW313-18,CCDB-30293-C04,HWBF Plot 9|Malaise|Hardwood dominated stand,HWBF,Plot 9,Malaise,Hardwood dominated stand,HWBFBOLD:ACL6615,ASSBW,BOLD:ACL6615,643,0
ASSBW132-18,CCDB-30296-D01,BFMX Plot 5|Malaise|Mixed stand,BFMX,Plot 5,Malaise,Mixed stand,BFMXBOLD:ACL6862,ASSBW,BOLD:ACL6862,658,0
ASSBW070-18,CCDB-30294-F10,BFMX Plot 6|Malaise|Mixed stand,BFMX,Plot 6,Malaise,Mixed stand,BFMXBOLD:ACL8440,ASSBW,BOLD:ACL8440,658,0
ASSBW071-18,CCDB-30294-F11,BFMX Plot 6|Malaise|Mixed stand,BFMX,Plot 6,Malaise,Mixed stand,BFMXBOLD:ACL8440,ASSBW,BOLD:ACL8440,658,0
ASSBW074-18,CCDB-30294-G02,BFMX Plot 6|Malaise|Mixed stand,BFMX,Plot 6,Malaise,Mixed stand,BFMXBOLD:ACL8440,ASSBW,BOLD:ACL8440,658,0
ASSBW075-18,CCDB-30294-G03,BFMX Plot 6|Malaise|Mixed stand,BFMX,Plot 6,Malaise,Mixed stand,BFMXBOLD:ACL8440,ASSBW,BOLD:ACL8440,658,0
ASSBW085-18,CCDB-30294-H01,BFMX Plot 6|Malaise|Mixed stand,BFMX,Plot 6,Malaise,Mixed stand,BFMXBOLD:ACL8440,ASSBW,BOLD:ACL8440,658,0
ASSBW086-18,CCDB-30294-H02,BFMX Plot 6|Malaise|Mixed stand,BFMX,Plot 6,Malaise,Mixed stand,BFMXBOLD:ACL8440,ASSBW,BOLD:ACL8440,658,0
ASSBW089-18,CCDB-30294-H05,BFMX Plot 6|Malaise|Mixed stand,BFMX,Plot 6,Malaise,Mixed stand,BFMXBOLD:ACL8440,ASSBW,BOLD:ACL8440,658,0
ASSBW090-18,CCDB-30294-H06,BFMX Plot 6|Malaise|Mixed stand,BFMX,Plot 6,Malaise,Mixed stand,BFMXBOLD:ACL8440,ASSBW,BOLD:ACL8440,658,0
ASSBW091-18,CCDB-30294-H07,BFMX Plot 6|Malaise|Mixed stand,BFMX,Plot 6,Malaise,Mixed stand,BFMXBOLD:ACL8440,ASSBW,BOLD:ACL8440,658,0
ASSBW092-18,CCDB-30294-H08,BFMX Plot 6|Malaise|Mixed stand,BFMX,Plot 6,Malaise,Mixed stand,BFMXBOLD:ACL8440,ASSBW,BOLD:ACL8440,658,0
ASSBW098-18,CCDB-30296-A03,HWBF Plot 7|Malaise|Hardwood dominated stand,HWBF,Plot 7,Malaise,Hardwood dominated stand,HWBFBOLD:ACL8440,ASSBW,BOLD:ACL8440,658,0
ASSBW122-18,CCDB-30296-C03,HWBF Plot 7|Malaise|Hardwood dominated stand,HWBF,Plot 7,Malaise,Hardwood dominated stand,HWBFBOLD:ACL8440,ASSBW,BOLD:ACL8440,658,0
ASSBW007-18,CCDB-30294-A07,BFMX Plot 5|Malaise|Mixed stand,BFMX,Plot 5,Malaise,Mixed stand,BFMXBOLD:ACL9133,ASSBW,BOLD:ACL9133,658,0
ASSBW088-18,CCDB-30294-H04,BFMX Plot 6|Malaise|Mixed stand,BFMX,Plot 6,Malaise,Mixed stand,BFMXBOLD:ACM0573,ASSBW,BOLD:ACM0573,620,0
ASSBW156-18,CCDB-30296-F01,HWBF Plot 9|Malaise|Hardwood dominated stand,HWBF,Plot 9,Malaise,Hardwood dominated stand,HWBFBOLD:ACM0573,ASSBW,BOLD:ACM0573,648,0
ASSBW194-18,BL-10540Q-D01,BFBF Plot 3|Malaise|Balsam fir dominated stand,BFBF,Plot 3,Malaise,Balsam fir dominated stand,BFBFBOLD:ACM0573,ASSBW,BOLD:ACM0573,448,0
ASSBW195-18,BL-10540Q-E01,BFBF Plot 3|Malaise|Balsam fir dominated stand,BFBF,Plot 3,Malaise,Balsam fir dominated stand,BFBFBOLD:ACM0573,ASSBW,BOLD:ACM0573,448,0
ASSBW196-18,BL-10540Q-F01,BFBF Plot 3|Malaise|Balsam fir dominated stand,BFBF,Plot 3,Malaise,Balsam fir dominated stand,BFBFBOLD:ACM0573,ASSBW,BOLD:ACM0573,448,0
ASSBW209-18,BL-10540Q-C03,BFBF Plot 1|Malaise|Balsam fir dominated stand,BFBF,Plot 1,Malaise,Balsam fir dominated stand,BFBFBOLD:ACM0573,ASSBW,BOLD:ACM0573,448,0
ASSBW219-18,BL-10540Q-E04,BFMX Plot 4|Malaise|Mixed stand,BFMX,Plot 4,Malaise,Mixed stand,BFMXBOLD:ACM0573,ASSBW,BOLD:ACM0573,447,0
ASSBW228-18,BL-10540Q-F05,BFMX Plot 4|Malaise|Mixed stand,BFMX,Plot 4,Malaise,Mixed stand,BFMXBOLD:ACM0573,ASSBW,BOLD:ACM0573,618,0
ASSBW372-18,CCDB-30293-H03,HWBF Plot 8|Malaise|Hardwood dominated stand,HWBF,Plot 8,Malaise,Hardwood dominated stand,HWBFBOLD:ACM1420,ASSBW,BOLD:ACM1420,658,0
ASSBW402-18,CCDB-30297-B10,BFMX Plot 5|Malaise|Mixed stand,BFMX,Plot 5,Malaise,Mixed stand,BFMXBOLD:ACM1420,ASSBW,BOLD:ACM1420,658,0
ASSBW258-18,BL-10540Q-D09,BFMX Plot 6|Malaise|Mixed stand,BFMX,Plot 6,Malaise,Mixed stand,BFMXBOLD:ACM1584,ASSBW,BOLD:ACM1584,658,0
ASSBW019-18,CCDB-30294-B07,HWBF Plot 9|Malaise|Hardwood dominated stand,HWBF,Plot 9,Malaise,Hardwood dominated stand,HWBFBOLD:ACM2381,ASSBW,BOLD:ACM2381,658,0
ASSBW050-18,CCDB-30294-E02,BFBF Plot 1|Malaise|Balsam fir dominated stand,BFBF,Plot 1,Malaise,Balsam fir dominated stand,BFBFBOLD:ACM5418,ASSBW,BOLD:ACM5418,658,0
ASSBW210-18,BL-10540Q-D03,BFBF Plot 1|Malaise|Balsam fir dominated stand,BFBF,Plot 1,Malaise,Balsam fir dominated stand,BFBFBOLD:ACM5418,ASSBW,BOLD:ACM5418,658,0
ASSBW235-18,BL-10540Q-E06,BFMX Plot 6|Malaise|Mixed stand,BFMX,Plot 6,Malaise,Mixed stand,BFMXBOLD:ACM5418,ASSBW,BOLD:ACM5418,626,0
ASSBW238-18,BL-10540Q-H06,BFMX Plot 4|Malaise|Mixed stand,BFMX,Plot 4,Malaise,Mixed stand,BFMXBOLD:ACM5418,ASSBW,BOLD:ACM5418,658,0
ASSBW301-18,CCDB-30293-B04,HWBF Plot 9|Malaise|Hardwood dominated stand,HWBF,Plot 9,Malaise,Hardwood dominated stand,HWBFBOLD:ACM5418,ASSBW,BOLD:ACM5418,631,0
ASSBW241-18,BL-10540Q-C07,BFMX Plot 5|Malaise|Mixed stand,BFMX,Plot 5,Malaise,Mixed stand,BFMXBOLD:ACM9143,ASSBW,BOLD:ACM9143,658,0
ASSBW042-18,CCDB-30294-D06,BFBF Plot 3|Malaise|Balsam fir dominated stand,BFBF,Plot 3,Malaise,Balsam fir dominated stand,BFBFBOLD:ACN1921,ASSBW,BOLD:ACN1921,658,0
ASSBW004-18,CCDB-30294-A04,BFMX Plot 5|Malaise|Mixed stand,BFMX,Plot 5,Malaise,Mixed stand,BFMXBOLD:ACN3086,ASSBW,BOLD:ACN3086,658,0
ASSBW025-18,CCDB-30294-C01,HWBF Plot 9|Malaise|Hardwood dominated stand,HWBF,Plot 9,Malaise,Hardwood dominated stand,HWBFBOLD:ACN3086,ASSBW,BOLD:ACN3086,658,0
ASSBW102-18,CCDB-30296-A07,HWBF Plot 7|Malaise|Hardwood dominated stand,HWBF,Plot 7,Malaise,Hardwood dominated stand,HWBFBOLD:ACN3086,ASSBW,BOLD:ACN3086,658,0
ASSBW103-18,CCDB-30296-A08,HWBF Plot 7|Malaise|Hardwood dominated stand,HWBF,Plot 7,Malaise,Hardwood dominated stand,HWBFBOLD:ACN3086,ASSBW,BOLD:ACN3086,658,0
ASSBW127-18,CCDB-30296-C08,BFMX Plot 5|Malaise|Mixed stand,BFMX,Plot 5,Malaise,Mixed stand,BFMXBOLD:ACN3086,ASSBW,BOLD:ACN3086,658,0
ASSBW129-18,CCDB-30296-C10,BFMX Plot 5|Malaise|Mixed stand,BFMX,Plot 5,Malaise,Mixed stand,BFMXBOLD:ACN3086,ASSBW,BOLD:ACN3086,658,0
ASSBW135-18,CCDB-30296-D04,HWBF Plot 9|Malaise|Hardwood dominated stand,HWBF,Plot 9,Malaise,Hardwood dominated stand,HWBFBOLD:ACN3086,ASSBW,BOLD:ACN3086,658,0
ASSBW137-18,CCDB-30296-D06,HWBF Plot 9|Malaise|Hardwood dominated stand,HWBF,Plot 9,Malaise,Hardwood dominated stand,HWBFBOLD:ACN3086,ASSBW,BOLD:ACN3086,658,0
ASSBW138-18,CCDB-30296-D07,HWBF Plot 9|Malaise|Hardwood dominated stand,HWBF,Plot 9,Malaise,Hardwood dominated stand,HWBFBOLD:ACN3086,ASSBW,BOLD:ACN3086,658,0
ASSBW140-18,CCDB-30296-D09,HWBF Plot 9|Malaise|Hardwood dominated stand,HWBF,Plot 9,Malaise,Hardwood dominated stand,HWBFBOLD:ACN3086,ASSBW,BOLD:ACN3086,658,0
ASSBW142-18,CCDB-30296-D11,HWBF Plot 9|Malaise|Hardwood dominated stand,HWBF,Plot 9,Malaise,Hardwood dominated stand,HWBFBOLD:ACN3086,ASSBW,BOLD:ACN3086,658,0
ASSBW143-18,CCDB-30296-D12,HWBF Plot 9|Malaise|Hardwood dominated stand,HWBF,Plot 9,Malaise,Hardwood dominated stand,HWBFBOLD:ACN3086,ASSBW,BOLD:ACN3086,658,0
ASSBW144-18,CCDB-30296-E01,HWBF Plot 9|Malaise|Hardwood dominated stand,HWBF,Plot 9,Malaise,Hardwood dominated stand,HWBFBOLD:ACN3086,ASSBW,BOLD:ACN3086,645,0
ASSBW145-18,CCDB-30296-E02,HWBF Plot 9|Malaise|Hardwood dominated stand,HWBF,Plot 9,Malaise,Hardwood dominated stand,HWBFBOLD:ACN3086,ASSBW,BOLD:ACN3086,634,0
ASSBW146-18,CCDB-30296-E03,HWBF Plot 9|Malaise|Hardwood dominated stand,HWBF,Plot 9,Malaise,Hardwood dominated stand,HWBFBOLD:ACN3086,ASSBW,BOLD:ACN3086,658,0
ASSBW153-18,CCDB-30296-E10,HWBF Plot 9|Malaise|Hardwood dominated stand,HWBF,Plot 9,Malaise,Hardwood dominated stand,HWBFBOLD:ACN3086,ASSBW,BOLD:ACN3086,658,0
ASSBW154-18,CCDB-30296-E11,HWBF Plot 9|Malaise|Hardwood dominated stand,HWBF,Plot 9,Malaise,Hardwood dominated stand,HWBFBOLD:ACN3086,ASSBW,BOLD:ACN3086,658,0
ASSBW155-18,CCDB-30296-E12,HWBF Plot 9|Malaise|Hardwood dominated stand,HWBF,Plot 9,Malaise,Hardwood dominated stand,HWBFBOLD:ACN3086,ASSBW,BOLD:ACN3086,658,0
ASSBW191-18,BL-10540Q-A01,HWBF Plot 9|Malaise|Hardwood dominated stand,HWBF,Plot 9,Malaise,Hardwood dominated stand,HWBFBOLD:ACN3086,ASSBW,BOLD:ACN3086,643,0
ASSBW192-18,BL-10540Q-B01,HWBF Plot 9|Malaise|Hardwood dominated stand,HWBF,Plot 9,Malaise,Hardwood dominated stand,HWBFBOLD:ACN3086,ASSBW,BOLD:ACN3086,658,0
ASSBW193-18,BL-10540Q-C01,HWBF Plot 9|Malaise|Hardwood dominated stand,HWBF,Plot 9,Malaise,Hardwood dominated stand,HWBFBOLD:ACN3086,ASSBW,BOLD:ACN3086,658,0
ASSBW202-18,BL-10540Q-D02,HWBF Plot 7|Malaise|Hardwood dominated stand,HWBF,Plot 7,Malaise,Hardwood dominated stand,HWBFBOLD:ACN3086,ASSBW,BOLD:ACN3086,658,0
ASSBW203-18,BL-10540Q-E02,HWBF Plot 7|Malaise|Hardwood dominated stand,HWBF,Plot 7,Malaise,Hardwood dominated stand,HWBFBOLD:ACN3086,ASSBW,BOLD:ACN3086,658,0
ASSBW237-18,BL-10540Q-G06,BFMX Plot 4|Malaise|Mixed stand,BFMX,Plot 4,Malaise,Mixed stand,BFMXBOLD:ACN3086,ASSBW,BOLD:ACN3086,658,0
ASSBW259-18,BL-10540Q-E09,BFMX Plot 4|Malaise|Mixed stand,BFMX,Plot 4,Malaise,Mixed stand,BFMXBOLD:ACN3086,ASSBW,BOLD:ACN3086,658,0
ASSBW260-18,BL-10540Q-F09,BFMX Plot 4|Malaise|Mixed stand,BFMX,Plot 4,Malaise,Mixed stand,BFMXBOLD:ACN3086,ASSBW,BOLD:ACN3086,658,0
ASSBW261-18,BL-10540Q-G09,BFMX Plot 4|Malaise|Mixed stand,BFMX,Plot 4,Malaise,Mixed stand,BFMXBOLD:ACN3086,ASSBW,BOLD:ACN3086,658,0
ASSBW262-18,BL-10540Q-H09,BFMX Plot 4|Malaise|Mixed stand,BFMX,Plot 4,Malaise,Mixed stand,BFMXBOLD:ACN3086,ASSBW,BOLD:ACN3086,658,0
ASSBW263-18,BL-10540Q-A10,BFMX Plot 4|Malaise|Mixed stand,BFMX,Plot 4,Malaise,Mixed stand,BFMXBOLD:ACN3086,ASSBW,BOLD:ACN3086,658,0
ASSBW264-18,BL-10540Q-B10,BFMX Plot 4|Malaise|Mixed stand,BFMX,Plot 4,Malaise,Mixed stand,BFMXBOLD:ACN3086,ASSBW,BOLD:ACN3086,658,0
ASSBW265-18,BL-10540Q-C10,HWBF Plot 7|Malaise|Hardwood dominated stand,HWBF,Plot 7,Malaise,Hardwood dominated stand,HWBFBOLD:ACN3086,ASSBW,BOLD:ACN3086,658,0
ASSBW273-18,BL-10540Q-C11,HWBF Plot 9|Malaise|Hardwood dominated stand,HWBF,Plot 9,Malaise,Hardwood dominated stand,HWBFBOLD:ACN3086,ASSBW,BOLD:ACN3086,658,0
ASSBW274-18,BL-10540Q-D11,HWBF Plot 9|Malaise|Hardwood dominated stand,HWBF,Plot 9,Malaise,Hardwood dominated stand,HWBFBOLD:ACN3086,ASSBW,BOLD:ACN3086,658,0
ASSBW275-18,BL-10540Q-E11,HWBF Plot 9|Malaise|Hardwood dominated stand,HWBF,Plot 9,Malaise,Hardwood dominated stand,HWBFBOLD:ACN3086,ASSBW,BOLD:ACN3086,658,0
ASSBW276-18,BL-10540Q-F11,HWBF Plot 9|Malaise|Hardwood dominated stand,HWBF,Plot 9,Malaise,Hardwood dominated stand,HWBFBOLD:ACN3086,ASSBW,BOLD:ACN3086,658,0
ASSBW277-18,BL-10540Q-G11,HWBF Plot 9|Malaise|Hardwood dominated stand,HWBF,Plot 9,Malaise,Hardwood dominated stand,HWBFBOLD:ACN3086,ASSBW,BOLD:ACN3086,658,0
ASSBW293-18,CCDB-30293-A08,BFMX Plot 4|Malaise|Mixed stand,BFMX,Plot 4,Malaise,Mixed stand,BFMXBOLD:ACN3086,ASSBW,BOLD:ACN3086,658,0
ASSBW295-18,CCDB-30293-A10,BFMX Plot 4|Malaise|Mixed stand,BFMX,Plot 4,Malaise,Mixed stand,BFMXBOLD:ACN3086,ASSBW,BOLD:ACN3086,658,0
ASSBW308-18,CCDB-30293-B11,HWBF Plot 9|Malaise|Hardwood dominated stand,HWBF,Plot 9,Malaise,Hardwood dominated stand,HWBFBOLD:ACN3086,ASSBW,BOLD:ACN3086,658,0
ASSBW311-18,CCDB-30293-C02,HWBF Plot 9|Malaise|Hardwood dominated stand,HWBF,Plot 9,Malaise,Hardwood dominated stand,HWBFBOLD:ACN3086,ASSBW,BOLD:ACN3086,658,0
ASSBW312-18,CCDB-30293-C03,HWBF Plot 9|Malaise|Hardwood dominated stand,HWBF,Plot 9,Malaise,Hardwood dominated stand,HWBFBOLD:ACN3086,ASSBW,BOLD:ACN3086,658,0
ASSBW325-18,CCDB-30293-D04,HWBF Plot 9|Malaise|Hardwood dominated stand,HWBF,Plot 9,Malaise,Hardwood dominated stand,HWBFBOLD:ACN3086,ASSBW,BOLD:ACN3086,658,0
ASSBW326-18,CCDB-30293-D05,HWBF Plot 9|Malaise|Hardwood dominated stand,HWBF,Plot 9,Malaise,Hardwood dominated stand,HWBFBOLD:ACN3086,ASSBW,BOLD:ACN3086,658,0
ASSBW350-18,CCDB-30293-F05,BFMX Plot 4|Malaise|Mixed stand,BFMX,Plot 4,Malaise,Mixed stand,BFMXBOLD:ACN3086,ASSBW,BOLD:ACN3086,658,0
ASSBW351-18,CCDB-30293-F06,BFMX Plot 4|Malaise|Mixed stand,BFMX,Plot 4,Malaise,Mixed stand,BFMXBOLD:ACN3086,ASSBW,BOLD:ACN3086,638,0
ASSBW361-18,CCDB-30293-G04,BFMX Plot 4|Malaise|Mixed stand,BFMX,Plot 4,Malaise,Mixed stand,BFMXBOLD:ACN3086,ASSBW,BOLD:ACN3086,658,0
ASSBW375-18,CCDB-30293-H06,HWBF Plot 7|Malaise|Hardwood dominated stand,HWBF,Plot 7,Malaise,Hardwood dominated stand,HWBFBOLD:ACN3086,ASSBW,BOLD:ACN3086,658,0
ASSBW379-18,CCDB-30293-H10,HWBF Plot 7|Malaise|Hardwood dominated stand,HWBF,Plot 7,Malaise,Hardwood dominated stand,HWBFBOLD:ACN3086,ASSBW,BOLD:ACN3086,658,0
ASSBW385-18,CCDB-30297-A05,BFMX Plot 6|Malaise|Mixed stand,BFMX,Plot 6,Malaise,Mixed stand,BFMXBOLD:ACN3086,ASSBW,BOLD:ACN3086,658,0
ASSBW386-18,CCDB-30297-A06,BFMX Plot 6|Malaise|Mixed stand,BFMX,Plot 6,Malaise,Mixed stand,BFMXBOLD:ACN3086,ASSBW,BOLD:ACN3086,627,2
ASSBW391-18,CCDB-30297-A11,BFMX Plot 4|Malaise|Mixed stand,BFMX,Plot 4,Malaise,Mixed stand,BFMXBOLD:ACN3086,ASSBW,BOLD:ACN3086,658,0
ASSBW392-18,CCDB-30297-A12,BFMX Plot 4|Malaise|Mixed stand,BFMX,Plot 4,Malaise,Mixed stand,BFMXBOLD:ACN3086,ASSBW,BOLD:ACN3086,632,0
ASSBW393-18,CCDB-30297-B01,HWBF Plot 9|Malaise|Hardwood dominated stand,HWBF,Plot 9,Malaise,Hardwood dominated stand,HWBFBOLD:ACN3086,ASSBW,BOLD:ACN3086,658,0
ASSBW394-18,CCDB-30297-B02,HWBF Plot 9|Malaise|Hardwood dominated stand,HWBF,Plot 9,Malaise,Hardwood dominated stand,HWBFBOLD:ACN3086,ASSBW,BOLD:ACN3086,658,0
ASSBW395-18,CCDB-30297-B03,HWBF Plot 9|Malaise|Hardwood dominated stand,HWBF,Plot 9,Malaise,Hardwood dominated stand,HWBFBOLD:ACN3086,ASSBW,BOLD:ACN3086,658,0
ASSBW396-18,CCDB-30297-B04,HWBF Plot 9|Malaise|Hardwood dominated stand,HWBF,Plot 9,Malaise,Hardwood dominated stand,HWBFBOLD:ACN3086,ASSBW,BOLD:ACN3086,619,0
ASSBW397-18,CCDB-30297-B05,HWBF Plot 9|Malaise|Hardwood dominated stand,HWBF,Plot 9,Malaise,Hardwood dominated stand,HWBFBOLD:ACN3086,ASSBW,BOLD:ACN3086,658,0
ASSBW398-18,CCDB-30297-B06,HWBF Plot 9|Malaise|Hardwood dominated stand,HWBF,Plot 9,Malaise,Hardwood dominated stand,HWBFBOLD:ACN3086,ASSBW,BOLD:ACN3086,658,0
ASSBW247-18,BL-10540Q-A08,BFMX Plot 5|Malaise|Mixed stand,BFMX,Plot 5,Malaise,Mixed stand,BFMXBOLD:ACN3521,ASSBW,BOLD:ACN3521,658,0
ASSBW041-18,CCDB-30294-D05,BFBF Plot 3|Malaise|Balsam fir dominated stand,BFBF,Plot 3,Malaise,Balsam fir dominated stand,BFBFBOLD:ACN4385,ASSBW,BOLD:ACN4385,658,0
ASSBW096-18,CCDB-30296-A01,HWBF Plot 7|Malaise|Hardwood dominated stand,HWBF,Plot 7,Malaise,Hardwood dominated stand,HWBFBOLD:ACN4385,ASSBW,BOLD:ACN4385,658,0
ASSBW015-18,CCDB-30294-B03,HWBF Plot 8|Malaise|Hardwood dominated stand,HWBF,Plot 8,Malaise,Hardwood dominated stand,HWBFBOLD:ACN5167,ASSBW,BOLD:ACN5167,658,0
ASSBW043-18,CCDB-30294-D07,BFBF Plot 3|Malaise|Balsam fir dominated stand,BFBF,Plot 3,Malaise,Balsam fir dominated stand,BFBFBOLD:ACN5167,ASSBW,BOLD:ACN5167,632,0
ASSBW045-18,CCDB-30294-D09,BFBF Plot 3|Malaise|Balsam fir dominated stand,BFBF,Plot 3,Malaise,Balsam fir dominated stand,BFBFBOLD:ACN5167,ASSBW,BOLD:ACN5167,658,0
ASSBW054-18,CCDB-30294-E06,BFBF Plot 1|Malaise|Balsam fir dominated stand,BFBF,Plot 1,Malaise,Balsam fir dominated stand,BFBFBOLD:ACN5167,ASSBW,BOLD:ACN5167,465,0
ASSBW056-18,CCDB-30294-E08,BFBF Plot 1|Malaise|Balsam fir dominated stand,BFBF,Plot 1,Malaise,Balsam fir dominated stand,BFBFBOLD:ACN5167,ASSBW,BOLD:ACN5167,658,0
ASSBW069-18,CCDB-30294-F09,BFMX Plot 6|Malaise|Mixed stand,BFMX,Plot 6,Malaise,Mixed stand,BFMXBOLD:ACN5167,ASSBW,BOLD:ACN5167,658,0
ASSBW079-18,CCDB-30294-G07,BFMX Plot 6|Malaise|Mixed stand,BFMX,Plot 6,Malaise,Mixed stand,BFMXBOLD:ACN5167,ASSBW,BOLD:ACN5167,658,0
ASSBW084-18,CCDB-30294-G12,BFMX Plot 6|Malaise|Mixed stand,BFMX,Plot 6,Malaise,Mixed stand,BFMXBOLD:ACN5167,ASSBW,BOLD:ACN5167,658,0
ASSBW105-18,CCDB-30296-A10,HWBF Plot 7|Malaise|Hardwood dominated stand,HWBF,Plot 7,Malaise,Hardwood dominated stand,HWBFBOLD:ACN5167,ASSBW,BOLD:ACN5167,658,0
ASSBW123-18,CCDB-30296-C04,BFMX Plot 5|Malaise|Mixed stand,BFMX,Plot 5,Malaise,Mixed stand,BFMXBOLD:ACN5167,ASSBW,BOLD:ACN5167,632,0
ASSBW128-18,CCDB-30296-C09,BFMX Plot 5|Malaise|Mixed stand,BFMX,Plot 5,Malaise,Mixed stand,BFMXBOLD:ACN5167,ASSBW,BOLD:ACN5167,658,0
ASSBW164-18,CCDB-30296-F09,BFBF Plot 1|Malaise|Balsam fir dominated stand,BFBF,Plot 1,Malaise,Balsam fir dominated stand,BFBFBOLD:ACN5167,ASSBW,BOLD:ACN5167,658,0
ASSBW166-18,CCDB-30296-F11,BFBF Plot 1|Malaise|Balsam fir dominated stand,BFBF,Plot 1,Malaise,Balsam fir dominated stand,BFBFBOLD:ACN5167,ASSBW,BOLD:ACN5167,658,0
ASSBW170-18,CCDB-30296-G03,BFBF Plot 1|Malaise|Balsam fir dominated stand,BFBF,Plot 1,Malaise,Balsam fir dominated stand,BFBFBOLD:ACN5167,ASSBW,BOLD:ACN5167,658,0
ASSBW171-18,CCDB-30296-G04,BFBF Plot 1|Malaise|Balsam fir dominated stand,BFBF,Plot 1,Malaise,Balsam fir dominated stand,BFBFBOLD:ACN5167,ASSBW,BOLD:ACN5167,633,0
ASSBW172-18,CCDB-30296-G05,BFBF Plot 1|Malaise|Balsam fir dominated stand,BFBF,Plot 1,Malaise,Balsam fir dominated stand,BFBFBOLD:ACN5167,ASSBW,BOLD:ACN5167,658,0
ASSBW173-18,CCDB-30296-G06,BFBF Plot 1|Malaise|Balsam fir dominated stand,BFBF,Plot 1,Malaise,Balsam fir dominated stand,BFBFBOLD:ACN5167,ASSBW,BOLD:ACN5167,658,0
ASSBW175-18,CCDB-30296-G08,BFBF Plot 1|Malaise|Balsam fir dominated stand,BFBF,Plot 1,Malaise,Balsam fir dominated stand,BFBFBOLD:ACN5167,ASSBW,BOLD:ACN5167,658,0
ASSBW177-18,CCDB-30296-G10,BFBF Plot 1|Malaise|Balsam fir dominated stand,BFBF,Plot 1,Malaise,Balsam fir dominated stand,BFBFBOLD:ACN5167,ASSBW,BOLD:ACN5167,658,0
ASSBW179-18,CCDB-30296-G12,BFBF Plot 1|Malaise|Balsam fir dominated stand,BFBF,Plot 1,Malaise,Balsam fir dominated stand,BFBFBOLD:ACN5167,ASSBW,BOLD:ACN5167,658,0
ASSBW180-18,CCDB-30296-H01,BFBF Plot 1|Malaise|Balsam fir dominated stand,BFBF,Plot 1,Malaise,Balsam fir dominated stand,BFBFBOLD:ACN5167,ASSBW,BOLD:ACN5167,658,0
ASSBW182-18,CCDB-30296-H03,BFBF Plot 1|Malaise|Balsam fir dominated stand,BFBF,Plot 1,Malaise,Balsam fir dominated stand,BFBFBOLD:ACN5167,ASSBW,BOLD:ACN5167,658,0
ASSBW183-18,CCDB-30296-H04,BFBF Plot 1|Malaise|Balsam fir dominated stand,BFBF,Plot 1,Malaise,Balsam fir dominated stand,BFBFBOLD:ACN5167,ASSBW,BOLD:ACN5167,658,0
ASSBW184-18,CCDB-30296-H05,BFBF Plot 1|Malaise|Balsam fir dominated stand,BFBF,Plot 1,Malaise,Balsam fir dominated stand,BFBFBOLD:ACN5167,ASSBW,BOLD:ACN5167,658,0
ASSBW185-18,CCDB-30296-H06,BFBF Plot 1|Malaise|Balsam fir dominated stand,BFBF,Plot 1,Malaise,Balsam fir dominated stand,BFBFBOLD:ACN5167,ASSBW,BOLD:ACN5167,658,0
ASSBW297-18,CCDB-30293-A12,BFMX Plot 4|Malaise|Mixed stand,BFMX,Plot 4,Malaise,Mixed stand,BFMXBOLD:ACN5167,ASSBW,BOLD:ACN5167,658,0
ASSBW298-18,CCDB-30293-B01,BFMX Plot 4|Malaise|Mixed stand,BFMX,Plot 4,Malaise,Mixed stand,BFMXBOLD:ACN5167,ASSBW,BOLD:ACN5167,658,0
ASSBW303-18,CCDB-30293-B06,HWBF Plot 9|Malaise|Hardwood dominated stand,HWBF,Plot 9,Malaise,Hardwood dominated stand,HWBFBOLD:ACN5167,ASSBW,BOLD:ACN5167,658,0
ASSBW310-18,CCDB-30293-C01,HWBF Plot 9|Malaise|Hardwood dominated stand,HWBF,Plot 9,Malaise,Hardwood dominated stand,HWBFBOLD:ACN5167,ASSBW,BOLD:ACN5167,658,0
ASSBW352-18,CCDB-30293-F07,BFMX Plot 4|Malaise|Mixed stand,BFMX,Plot 4,Malaise,Mixed stand,BFMXBOLD:ACN5167,ASSBW,BOLD:ACN5167,658,0
ASSBW353-18,CCDB-30293-F08,BFMX Plot 4|Malaise|Mixed stand,BFMX,Plot 4,Malaise,Mixed stand,BFMXBOLD:ACN5167,ASSBW,BOLD:ACN5167,658,0
ASSBW354-18,CCDB-30293-F09,BFMX Plot 4|Malaise|Mixed stand,BFMX,Plot 4,Malaise,Mixed stand,BFMXBOLD:ACN5167,ASSBW,BOLD:ACN5167,658,0
ASSBW008-18,CCDB-30294-A08,HWBF Plot 7|Malaise|Hardwood dominated stand,HWBF,Plot 7,Malaise,Hardwood dominated stand,HWBFBOLD:ACN5471,ASSBW,BOLD:ACN5471,658,0
ASSBW377-18,CCDB-30293-H08,HWBF Plot 7|Malaise|Hardwood dominated stand,HWBF,Plot 7,Malaise,Hardwood dominated stand,HWBFBOLD:ACN9027,ASSBW,BOLD:ACN9027,652,0
ASSBW157-18,CCDB-30296-F02,BFBF Plot 1|Malaise|Balsam fir dominated stand,BFBF,Plot 1,Malaise,Balsam fir dominated stand,BFBFBOLD:ACO2477,ASSBW,BOLD:ACO2477,658,0
ASSBW292-18,CCDB-30293-A07,BFBF Plot 3|Malaise|Balsam fir dominated stand,BFBF,Plot 3,Malaise,Balsam fir dominated stand,BFBFBOLD:ACR5848,ASSBW,BOLD:ACR5848,624,0
ASSBW207-18,BL-10540Q-A03,BFBF Plot 1|Malaise|Balsam fir dominated stand,BFBF,Plot 1,Malaise,Balsam fir dominated stand,BFBFBOLD:ACU5155,ASSBW,BOLD:ACU5155,474,0
ASSBW072-18,CCDB-30294-F12,BFMX Plot 6|Malaise|Mixed stand,BFMX,Plot 6,Malaise,Mixed stand,BFMXBOLD:ACW5581,ASSBW,BOLD:ACW5581,658,0
ASSBW201-18,BL-10540Q-C02,HWBF Plot 7|Malaise|Hardwood dominated stand,HWBF,Plot 7,Malaise,Hardwood dominated stand,HWBFBOLD:ACX1516,ASSBW,BOLD:ACX1516,658,0
ASSBW125-18,CCDB-30296-C06,BFMX Plot 5|Malaise|Mixed stand,BFMX,Plot 5,Malaise,Mixed stand,BFMXBOLD:ACX8525,ASSBW,BOLD:ACX8525,658,0
ASSBW001-18,CCDB-30294-A01,BFMX Plot 5|Malaise|Mixed stand,BFMX,Plot 5,Malaise,Mixed stand,BFMXBOLD:ACY4370,ASSBW,BOLD:ACY4370,658,0
ASSBW165-18,CCDB-30296-F10,BFBF Plot 1|Malaise|Balsam fir dominated stand,BFBF,Plot 1,Malaise,Balsam fir dominated stand,BFBFBOLD:ACY4370,ASSBW,BOLD:ACY4370,632,0
ASSBW167-18,CCDB-30296-F12,BFBF Plot 1|Malaise|Balsam fir dominated stand,BFBF,Plot 1,Malaise,Balsam fir dominated stand,BFBFBOLD:ACY4370,ASSBW,BOLD:ACY4370,658,0
ASSBW174-18,CCDB-30296-G07,BFBF Plot 1|Malaise|Balsam fir dominated stand,BFBF,Plot 1,Malaise,Balsam fir dominated stand,BFBFBOLD:ACY4370,ASSBW,BOLD:ACY4370,658,0
ASNBA811-16,Acadia15-10-220,BFBF Plot 2|Reared|Balsam fir dominated stand,BFBF,Plot 2,Reared,Balsam fir dominated stand,BFBFBOLD:ACZ4302,ASNBA,BOLD:ACZ4302,658,0
ASNBA813-16,Acadia15-23-232a,BFMX Plot 5|Reared|Mixed stand,BFMX,Plot 5,Reared,Mixed stand,BFMXBOLD:ACZ4302,ASNBA,BOLD:ACZ4302,407,0
ASSBW097-18,CCDB-30296-A02,HWBF Plot 7|Malaise|Hardwood dominated stand,HWBF,Plot 7,Malaise,Hardwood dominated stand,HWBFBOLD:ADH7667,ASSBW,BOLD:ADH7667,644,0
ASSBW189-18,CCDB-30296-H10,HWBF Plot 9|Malaise|Hardwood dominated stand,HWBF,Plot 9,Malaise,Hardwood dominated stand,HWBFBOLD:ADH8183,ASSBW,BOLD:ADH8183,649,0
ASSBW340-18,CCDB-30293-E07,BFMX Plot 4|Malaise|Mixed stand,BFMX,Plot 4,Malaise,Mixed stand,BFMXBOLD:ADI0850,ASSBW,BOLD:ADI0850,649,0
ASSBW037-18,CCDB-30294-D01,BFBF Plot 2|Malaise|Balsam fir dominated stand,BFBF,Plot 2,Malaise,Balsam fir dominated stand,BFBFBOLD:ADL8862,ASSBW,BOLD:ADL8862,643,0
ASSBW039-18,CCDB-30294-D03,BFBF Plot 2|Malaise|Balsam fir dominated stand,BFBF,Plot 2,Malaise,Balsam fir dominated stand,BFBFBOLD:ADL9265,ASSBW,BOLD:ADL9265,649,0
ASSBW324-18,CCDB-30293-D03,HWBF Plot 9|Malaise|Hardwood dominated stand,HWBF,Plot 9,Malaise,Hardwood dominated stand,HWBFBOLD:ADL9306,ASSBW,BOLD:ADL9306,658,0
ASSBW248-18,BL-10540Q-B08,BFMX Plot 5|Malaise|Mixed stand,BFMX,Plot 5,Malaise,Mixed stand,BFMXBOLD:ADL9490,ASSBW,BOLD:ADL9490,625,0
ASSBW087-18,CCDB-30294-H03,BFMX Plot 6|Malaise|Mixed stand,BFMX,Plot 6,Malaise,Mixed stand,BFMXBOLD:ADL9584,ASSBW,BOLD:ADL9584,658,0
ASSBW226-18,BL-10540Q-D05,BFMX Plot 4|Malaise|Mixed stand,BFMX,Plot 4,Malaise,Mixed stand,BFMXBOLD:ADM0151,ASSBW,BOLD:ADM0151,658,0
ASSBW272-18,BL-10540Q-B11,HWBF Plot 8|Malaise|Hardwood dominated stand,HWBF,Plot 8,Malaise,Hardwood dominated stand,HWBFBOLD:ADM0152,ASSBW,BOLD:ADM0152,629,0
ASSBW136-18,CCDB-30296-D05,HWBF Plot 9|Malaise|Hardwood dominated stand,HWBF,Plot 9,Malaise,Hardwood dominated stand,HWBFBOLD:ADM0165,ASSBW,BOLD:ADM0165,643,0
ASSBW366-18,CCDB-30293-G09,BFMX Plot 6|Malaise|Mixed stand,BFMX,Plot 6,Malaise,Mixed stand,BFMXBOLD:ADM0903,ASSBW,BOLD:ADM0903,652,0
ASSBW119-18,CCDB-30296-B12,HWBF Plot 7|Malaise|Hardwood dominated stand,HWBF,Plot 7,Malaise,Hardwood dominated stand,HWBFBOLD:ADM2062,ASSBW,BOLD:ADM2062,658,0
ASSBW046-18,CCDB-30294-D10,HWBF Plot 7|Malaise|Hardwood dominated stand,HWBF,Plot 7,Malaise,Hardwood dominated stand,HWBFBOLD:ADM2151,ASSBW,BOLD:ADM2151,596,0
ASSBW168-18,CCDB-30296-G01,BFBF Plot 1|Malaise|Balsam fir dominated stand,BFBF,Plot 1,Malaise,Balsam fir dominated stand,BFBFBOLD:ADM2602,ASSBW,BOLD:ADM2602,658,0
ASSBW176-18,CCDB-30296-G09,BFBF Plot 1|Malaise|Balsam fir dominated stand,BFBF,Plot 1,Malaise,Balsam fir dominated stand,BFBFBOLD:ADM2602,ASSBW,BOLD:ADM2602,658,0
ASSBW296-18,CCDB-30293-A11,BFMX Plot 4|Malaise|Mixed stand,BFMX,Plot 4,Malaise,Mixed stand,BFMXBOLD:ADM2602,ASSBW,BOLD:ADM2602,658,0
ASSBW190-18,CCDB-30296-H11,HWBF Plot 9|Malaise|Hardwood dominated stand,HWBF,Plot 9,Malaise,Hardwood dominated stand,HWBFBOLD:ADM2723,ASSBW,BOLD:ADM2723,649,0
ASSBW401-18,CCDB-30297-B09,BFMX Plot 6|Malaise|Mixed stand,BFMX,Plot 6,Malaise,Mixed stand,BFMXBOLD:ADM7314,ASSBW,BOLD:ADM7314,658,0
ASSBW389-18,CCDB-30297-A09,BFMX Plot 6|Malaise|Mixed stand,BFMX,Plot 6,Malaise,Mixed stand,BFMXBOLD:ADM8218,ASSBW,BOLD:ADM8218,649,0
ASSBW305-18,CCDB-30293-B08,HWBF Plot 9|Malaise|Hardwood dominated stand,HWBF,Plot 9,Malaise,Hardwood dominated stand,HWBFBOLD:ADP2759,ASSBW,BOLD:ADP2759,658,0
ASSBW009-18,CCDB-30294-A09,HWBF Plot 7|Malaise|Hardwood dominated stand,HWBF,Plot 7,Malaise,Hardwood dominated stand,HWBFBOLD:ADR7312,ASSBW,BOLD:ADR7312,658,0
ASSBW012-18,CCDB-30294-A12,HWBF Plot 7|Malaise|Hardwood dominated stand,HWBF,Plot 7,Malaise,Hardwood dominated stand,HWBFBOLD:ADR7312,ASSBW,BOLD:ADR7312,658,0
ASSBW188-18,CCDB-30296-H09,BFBF Plot 1|Malaise|Balsam fir dominated stand,BFBF,Plot 1,Malaise,Balsam fir dominated stand,BFBFBOLD:ADR7312,ASSBW,BOLD:ADR7312,658,0
ASSBW400-18,CCDB-30297-B08,HWBF Plot 8|Malaise|Hardwood dominated stand,HWBF,Plot 8,Malaise,Hardwood dominated stand,HWBFOTU-104,ASSBW,OTU-104,473,0
ASSBW268-18,BL-10540Q-F10,HWBF Plot 7|Malaise|Hardwood dominated stand,HWBF,Plot 7,Malaise,Hardwood dominated stand,HWBFOTU-114,ASSBW,OTU-114,473,0
ASSBW336-18,CCDB-30293-E03,BFMX Plot 4|Malaise|Mixed stand,BFMX,Plot 4,Malaise,Mixed stand,BFMXOTU-126,ASSBW,OTU-126,479,0
ASSBW338-18,CCDB-30293-E05,BFMX Plot 4|Malaise|Mixed stand,BFMX,Plot 4,Malaise,Mixed stand,BFMXOTU-126,ASSBW,OTU-126,476,0
ASSBW342-18,CCDB-30293-E09,BFMX Plot 4|Malaise|Mixed stand,BFMX,Plot 4,Malaise,Mixed stand,BFMXOTU-126,ASSBW,OTU-126,479,0
ASSBW335-18,CCDB-30293-E02,BFMX Plot 6|Malaise|Mixed stand,BFMX,Plot 6,Malaise,Mixed stand,BFMXOTU-127,ASSBW,OTU-127,464,0
ASSBW348-18,CCDB-30293-F03,BFMX Plot 4|Malaise|Mixed stand,BFMX,Plot 4,Malaise,Mixed stand,BFMXOTU-131,ASSBW,OTU-131,474,0
ASSBW332-18,CCDB-30293-D11,BFMX Plot 6|Malaise|Mixed stand,BFMX,Plot 6,Malaise,Mixed stand,BFMXOTU-140,ASSBW,OTU-140,225,1
ASSBW388-18,CCDB-30297-A08,BFMX Plot 6|Malaise|Mixed stand,BFMX,Plot 6,Malaise,Mixed stand,BFMXOTU-153,ASSBW,OTU-153,290,2
ASSBW399-18,CCDB-30297-B07,HWBF Plot 9|Malaise|Hardwood dominated stand,HWBF,Plot 9,Malaise,Hardwood dominated stand,HWBFOTU-155,ASSBW,OTU-155,464,0
ASNBA606-16,Acadia15-33-128,HWBF Plot 7|Reared|Hardwood dominated stand,HWBF,Plot 7,Reared,Hardwood dominated stand,HWBFOTU-3,ASNBA,OTU-3,658,0
ASNBA710-16,Acadia15-19-93,BFMX Plot 4|Reared|Mixed stand,BFMX,Plot 4,Reared,Mixed stand,BFMXOTU-3,ASNBA,OTU-3,636,0
ASNBA720-16,Acadia15-24-103,BFMX Plot 5|Reared|Mixed stand,BFMX,Plot 5,Reared,Mixed stand,BFMXOTU-3,ASNBA,OTU-3,658,0
ASNBA756-16,Acadia15-26-156,BFMX Plot 6|Reared|Mixed stand,BFMX,Plot 6,Reared,Mixed stand,BFMXOTU-3,ASNBA,OTU-3,639,0
ASNBA778-16,Acadia15-6-192,BFBF Plot 2|Reared|Balsam fir dominated stand,BFBF,Plot 2,Reared,Balsam fir dominated stand,BFBFOTU-3,ASNBA,OTU-3,658,0
ASNBA812-16,Acadia15-19-229,BFMX Plot 4|Reared|Mixed stand,BFMX,Plot 4,Reared,Mixed stand,BFMXOTU-3,ASNBA,OTU-3,407,0
ASNBA821-16,Acadia15-20-224a,BFMX Plot 4|Reared|Mixed stand,BFMX,Plot 4,Reared,Mixed stand,BFMXOTU-3,ASNBA,OTU-3,658,0
ASNBA822-16,Acadia15-20-224b,BFMX Plot 4|Reared|Mixed stand,BFMX,Plot 4,Reared,Mixed stand,BFMXOTU-3,ASNBA,OTU-3,407,0
ASNBA826-16,Acadia15-26-227a,BFMX Plot 6|Reared|Mixed stand,BFMX,Plot 6,Reared,Mixed stand,BFMXOTU-3,ASNBA,OTU-3,658,0
ASNBA827-16,Acadia15-26-227b,BFMX Plot 6|Reared|Mixed stand,BFMX,Plot 6,Reared,Mixed stand,BFMXOTU-3,ASNBA,OTU-3,407,0
ASSBW049-18,CCDB-30294-E01,BFBF Plot 1|Malaise|Balsam fir dominated stand,BFBF,Plot 1,Malaise,Balsam fir dominated stand,BFBFOTU-43,ASSBW,OTU-43,469,0
ASSBW063-18,CCDB-30294-F03,HWBF Plot 8|Malaise|Hardwood dominated stand,HWBF,Plot 8,Malaise,Hardwood dominated stand,HWBFOTU-53,ASSBW,OTU-53,479,0
ASSBW104-18,CCDB-30296-A09,HWBF Plot 7|Malaise|Hardwood dominated stand,HWBF,Plot 7,Malaise,Hardwood dominated stand,HWBFOTU-65,ASSBW,OTU-65,466,0
ASNBA774-16,Acadia15-43-173,HWBF Plot 9|Reared|Hardwood dominated stand,HWBF,Plot 9,Reared,Hardwood dominated stand,HWBFOTU-7,ASNBA,OTU-7,407,0
